Best estimate of cooling provided,Negative values,Best estimate of heating provided,Ambient temperature (°C),,,,
 (kWh/h),(kWh/h),(kWh/h),°C,,,,
Cooling,Cooling,Heating ,ODA,,,,
0,0,192,-14.666668,,,,
0,0,181,-14.444446,,,,
0,0,171,-14.277779,,,,
0,0,167,-13.944446,,,,
0,0,165,-13.944446,,,,
0,0,150,-13.666668,,,,
0,0,149,-13.555557,,,,
0,0,145,-13.166668,,,,
1,-1,145,-13.000001,,,,
1,-1,136,-13.000001,,,,
1,-1,135,-12.777779,,,,
2,-2,134,-12.666668,,,,
2,-2,133,-12.38889,,,,
2,-2,130,-12.38889,,,,
2,-2,126,-11.833334,,,,
2,-2,121,-11.333334,,,,
2,-2,119,-11.333334,,,,
2,-2,114,-11.166668,,,,
2,-2,114,-10.666668,,,,
2,-2,112,-10.611112,,,,
2,-2,112,-10.222223,,,,
2,-2,112,-10.222223,,,,
2,-2,112,-10.111112,,,,
2,-2,111,-10.000001,,,,
2,-2,110,-9.944445,,,,
2,-2,110,-9.944445,,,,
2,-2,110,-9.944445,,,,
2,-2,110,-9.777779,,,,
2,-2,108,-9.777779,,,,
2,-2,108,-9.666667,,,,
2,-2,107,-9.555556,,,,
2,-2,106,-9.555556,,,,Figure 5
2,-2,105,-9.38889,,,,
2,-2,105,-9.38889,,,,
2,-2,105,-9.333334,,,,
2,-2,105,-9.333334,,,,
2,-2,104,-9.222223,,,,
2,-2,102,-8.777778,,,,
2,-2,102,-8.333334,,,,
2,-2,102,-8.166667,,,,
2,-2,102,-7.777778,,,,
2,-2,101,-7.611112,,,,
2,-2,100,-7.333334,,,,
2,-2,100,-7.166667,,,,
2,-2,100,-6.944445,,,,
2,-2,98,-6.944445,,,,
2,-2,98,-6.944445,,,,
2,-2,98,-6.722223,,,,
2,-2,98,-6.666667,,,,
2,-2,97,-6.500001,,,,
2,-2,97,-6.500001,,,,
2,-2,97,-6.388889,,,,
2,-2,96,-6.388889,,,,
2,-2,96,-6.333334,,,,
2,-2,95,-6.333334,,,,
2,-2,95,-6.222223,,,,
2,-2,95,-6.222223,,,,
2,-2,94,-6.222223,,,,
2,-2,94,-6.222223,,,,
2,-2,94,-6.111112,,,,
2,-2,93,-6.111112,,,,
2,-2,93,-6.111112,,,,
2,-2,93,-6.055556,,,,
2,-2,93,-6.055556,,,,
2,-2,93,-5.944445,,,,
2,-2,92,-5.944445,,,,
2,-2,92,-5.888889,,,,
2,-2,92,-5.777778,,,,
2.43902439,-2.43902439,92,-5.777778,,,,
2.43902439,-2.43902439,92,-5.777778,,,,
2.43902439,-2.43902439,92,-5.777778,,,,
2.43902439,-2.43902439,92,-5.777778,,,,
2.43902439,-2.43902439,91,-5.777778,,,,
2.43902439,-2.43902439,90,-5.666667,,,,
2.43902439,-2.43902439,90,-5.666667,,,,
2.43902439,-2.43902439,90,-5.666667,,,,
2.43902439,-2.43902439,90,-5.666667,,,,
2.43902439,-2.43902439,90,-5.666667,,,,
2.43902439,-2.43902439,90,-5.666667,,,,
2.43902439,-2.43902439,90,-5.611112,,,,
2.43902439,-2.43902439,90,-5.611112,,,,
2.43902439,-2.43902439,90,-5.611112,,,,
2.43902439,-2.43902439,89,-5.611112,,,,
2.43902439,-2.43902439,89,-5.611112,,,,
3,-3,89,-5.611112,,,,
3,-3,89,-5.5,,,,
3,-3,89,-5.5,,,,
3,-3,89,-5.5,,,,
3,-3,89,-5.444445,,,,
3,-3,89,-5.444445,,,,
3,-3,88,-5.444445,,,,
3,-3,88,-5.333334,,,,
3,-3,88,-5.333334,,,,
3,-3,88,-5.333334,,,,
3,-3,88,-5.333334,,,,
3,-3,88,-5.333334,,,,
3,-3,88,-5.277778,,,,
3,-3,88,-5.277778,,,,
3,-3,88,-5.277778,,,,
3,-3,88,-5.277778,,,,
3,-3,87,-5.277778,,,,
3,-3,87,-5.277778,,,,
3,-3,87,-5.166667,,,,
3,-3,87,-5.166667,,,,
3,-3,87,-5.166667,,,,
3,-3,87,-5.166667,,,,
3,-3,87,-5.166667,,,,
3,-3,86.72727273,-5.166667,,,,
3,-3,86,-5.166667,,,,
3,-3,86,-5.055556,,,,
3,-3,86,-5.055556,,,,
3,-3,86,-5.055556,,,,
3,-3,86,-5.055556,,,,
3,-3,86,-5,,,,
3,-3,86,-5,,,,
3,-3,86,-5,,,,
3,-3,85,-5,,,,
3,-3,85,-5,,,,
3,-3,85,-5,,,,
3,-3,85,-5,,,,
3,-3,85,-4.888889,,,,
3,-3,85,-4.888889,,,,
3,-3,85,-4.888889,,,,
3,-3,85,-4.888889,,,,
3,-3,84,-4.888889,,,,
3,-3,84,-4.888889,,,,
3,-3,84,-4.888889,,,,
3,-3,84,-4.833334,,,,
3,-3,84,-4.833334,,,,
3,-3,84,-4.722223,,,,
3,-3,84,-4.722223,,,,
3,-3,84,-4.722223,,,,
3,-3,84,-4.722223,,,,
3,-3,84,-4.722223,,,,
3,-3,84,-4.722223,,,,
3,-3,84,-4.722223,,,,
3,-3,83.45454545,-4.722223,,,,
3,-3,83,-4.722223,,,,
3,-3,83,-4.722223,,,,
3,-3,83,-4.722223,,,,
3,-3,83,-4.666667,,,,
3,-3,83,-4.666667,,,,
3,-3,83,-4.666667,,,,
3,-3,83,-4.666667,,,,
3,-3,83,-4.666667,,,,
3,-3,83,-4.666667,,,,
3,-3,83,-4.666667,,,,
3,-3,83,-4.666667,,,,
3,-3,83,-4.666667,,,,
3,-3,83,-4.666667,,,,
3,-3,83,-4.555556,,,,
3,-3,83,-4.555556,,,,
3,-3,82,-4.555556,,,,
3,-3,82,-4.5,,,,
3,-3,82,-4.5,,,,
3,-3,82,-4.5,,,,
3,-3,82,-4.5,,,,
3,-3,82,-4.5,,,,
3,-3,82,-4.5,,,,
3,-3,81,-4.5,,,,
3,-3,81,-4.5,,,,
3,-3,81,-4.5,,,,
3,-3,81,-4.5,,,,
3,-3,81,-4.5,,,,
3,-3,81,-4.388889,,,,
3,-3,81,-4.388889,,,,
3,-3,81,-4.388889,,,,
3,-3,81,-4.388889,,,,
3,-3,81,-4.388889,,,,
3,-3,81,-4.388889,,,,
3,-3,81,-4.388889,,,,
3,-3,80.18181818,-4.388889,,,,
3,-3,80,-4.333334,,,,
3,-3,80,-4.333334,,,,
3,-3,80,-4.333334,,,,
3,-3,80,-4.333334,,,,
3,-3,80,-4.333334,,,,
3,-3,80,-4.333334,,,,
3,-3,80,-4.333334,,,,
3,-3,80,-4.333334,,,,
3,-3,80,-4.333334,,,,
3,-3,80,-4.333334,,,,
3,-3,80,-4.222223,,,,
3,-3,80,-4.222223,,,,
3,-3,80,-4.222223,,,,
3,-3,80,-4.222223,,,,
3,-3,80,-4.222223,,,,
3,-3,79,-4.222223,,,,
3,-3,79,-4.181903,,,,
3,-3,79,-4.166667,,,,
3,-3,79,-4.166667,,,,
3,-3,79,-4.166667,,,,
3,-3,79,-4.166667,,,,
3,-3,79,-4.166667,,,,
3,-3,79,-4.166667,,,,
3,-3,79,-4.166667,,,,
3,-3,79,-4.166667,,,,
3,-3,78,-4.166667,,,,
3,-3,78,-4.055556,,,,
3,-3,78,-4.055556,,,,
3,-3,78,-4.055556,,,,
3,-3,78,-4.055556,,,,
3,-3,78,-4.055556,,,,
3,-3,78,-4.055556,,,,
3,-3,78,-4.055556,,,,
3,-3,78,-4.055556,,,,
3,-3,78,-4.055556,,,,
3,-3,78,-4.055556,,,,
3,-3,78,-4.030388,,,,
3,-3,78,-4,,,,
3,-3,78,-4,,,,
3,-3,78,-4,,,,
3,-3,78,-4,,,,
3,-3,78,-4,,,,
3,-3,78,-3.888889,,,,
3,-3,78,-3.888889,,,,
3,-3,78,-3.888889,,,,
3,-3,78,-3.888889,,,,
3,-3,78,-3.878873,,,,
3,-3,77,-3.833334,,,,
3,-3,77,-3.833334,,,,
3,-3,77,-3.833334,,,,
3,-3,77,-3.833334,,,,
3,-3,77,-3.727358,,,,
3,-3,77,-3.722223,,,,
3,-3,77,-3.722223,,,,
3,-3,77,-3.722223,,,,
3,-3,77,-3.722223,,,,
3,-3,77,-3.722223,,,,
3,-3,77,-3.666667,,,,
3,-3,77,-3.666667,,,,
3,-3,77,-3.666667,,,,
3,-3,77,-3.666667,,,,
3,-3,77,-3.666667,,,,
3,-3,77,-3.666667,,,,
3,-3,77,-3.575843,,,,
3,-3,77,-3.555556,,,,
3,-3,77,-3.555556,,,,
3,-3,77,-3.555556,,,,
3,-3,77,-3.555556,,,,
3,-3,76.90909091,-3.555556,,,,
3,-3,76,-3.555556,,,,
3,-3,76,-3.555556,,,,
3,-3,76,-3.555556,,,,
3,-3,76,-3.555556,,,,
3,-3,76,-3.555556,,,,
3,-3,76,-3.555556,,,,
3,-3,76,-3.5,,,,
3,-3,76,-3.5,,,,
3,-3,76,-3.5,,,,
3,-3,76,-3.5,,,,
3,-3,76,-3.5,,,,
3,-3,76,-3.5,,,,
3,-3,76,-3.5,,,,
3,-3,76,-3.5,,,,
3,-3,76,-3.444445,,,,
3,-3,76,-3.444445,,,,
3,-3,76,-3.444445,,,,
3,-3,75,-3.444445,,,,
3,-3,75,-3.444445,,,,
3,-3,75,-3.444445,,,,
3,-3,75,-3.444445,,,,
3,-3,75,-3.444445,,,,
3,-3,75,-3.444445,,,,
3,-3,75,-3.444445,,,,
3,-3,75,-3.424328,,,,
3,-3,75,-3.333334,,,,
3,-3,75,-3.333334,,,,
3,-3,74,-3.333334,,,,
3,-3,74,-3.333334,,,,
3,-3,74,-3.333334,,,,
3,-3,74,-3.333334,,,,
3,-3,74,-3.333334,,,,
3,-3,74,-3.333334,,,,
3,-3,74,-3.333334,,,,
3,-3,74,-3.333334,,,,
3,-3,74,-3.333334,,,,
3,-3,74,-3.333334,,,,
3,-3,74,-3.333334,,,,
3,-3,74,-3.333334,,,,
3,-3,74,-3.333334,,,,
3,-3,74,-3.277778,,,,
3,-3,74,-3.277778,,,,
3,-3,74,-3.277778,,,,
3,-3,74,-3.277778,,,,
3,-3,74,-3.277778,,,,
3,-3,74,-3.277778,,,,
3,-3,74,-3.277778,,,,
3,-3,74,-3.277778,,,,
3,-3,74,-3.277778,,,,
3,-3,73.63636364,-3.277778,,,,
3,-3,73,-3.277778,,,,
3,-3,73,-3.277778,,,,
3,-3,73,-3.277778,,,,
3,-3,73,-3.277778,,,,
3,-3,73,-3.277778,,,,
3,-3,73,-3.272813,,,,
3,-3,73,-3.166667,,,,
3,-3,73,-3.166667,,,,
3,-3,73,-3.166667,,,,
3,-3,73,-3.166667,,,,
3,-3,73,-3.166667,,,,
3,-3,73,-3.166667,,,,
3,-3,73,-3.166667,,,,
3,-3,73,-3.166667,,,,
3,-3,73,-3.166667,,,,
3,-3,73,-3.121298,,,,
3,-3,73,-3.111111,,,,
3,-3,73,-3.111111,,,,
3,-3,73,-3.111111,,,,
3,-3,73,-3.111111,,,,
3,-3,73,-3.111111,,,,
3,-3,73,-3.111111,,,,
3,-3,73,-3.111111,,,,
3,-3,73,-3.111111,,,,
3,-3,73,-3.111111,,,,
3,-3,73,-3.111111,,,,
3,-3,73,-3.111111,,,,
3,-3,73,-3.111111,,,,
3,-3,72,-3.111111,,,,
3,-3,72,-3.111111,,,,
3,-3,72,-3.111111,,,,
3,-3,72,-3.111111,,,,
3,-3,72,-3.111111,,,,
3,-3,72,-3.111111,,,,
3,-3,72,-3.111111,,,,
3,-3,72,-3.111111,,,,
3,-3,72,-3.111111,,,,
3,-3,72,-3,,,,
3,-3,72,-3,,,,
3,-3,72,-3,,,,
3,-3,72,-3,,,,
3,-3,72,-3,,,,
3,-3,72,-3,,,,
3,-3,72,-3,,,,
3,-3,72,-3,,,,
3,-3,72,-3,,,,
3,-3,72,-3,,,,
3,-3,72,-3,,,,
3,-3,72,-3,,,,
3,-3,72,-3,,,,
3,-3,72,-3,,,,
3,-3,72,-3,,,,
3,-3,72,-2.969782,,,,
3,-3,71,-2.944445,,,,
3,-3,71,-2.944445,,,,
3,-3,71,-2.944445,,,,
3,-3,71,-2.944445,,,,
3,-3,71,-2.944445,,,,
3,-3,71,-2.944445,,,,
3,-3,71,-2.944445,,,,
3,-3,71,-2.944445,,,,
3,-3,71,-2.944445,,,,
3,-3,71,-2.944445,,,,
3,-3,71,-2.833334,,,,
3,-3,71,-2.833334,,,,
3,-3,71,-2.833334,,,,
3,-3,71,-2.833334,,,,
3,-3,71,-2.833334,,,,
3,-3,71,-2.833334,,,,
3,-3,71,-2.833334,,,,
3,-3,71,-2.833334,,,,
3,-3,70.36363636,-2.833334,,,,
3,-3,70,-2.833334,,,,
3,-3,70,-2.833334,,,,
3,-3,70,-2.833334,,,,
3,-3,70,-2.833334,,,,
3,-3,70,-2.833334,,,,
3,-3,70,-2.818267,,,,
3,-3,70,-2.777778,,,,
3,-3,70,-2.777778,,,,
3,-3,70,-2.777778,,,,
3,-3,70,-2.777778,,,,
3,-3,70,-2.777778,,,,
3,-3,70,-2.777778,,,,
3,-3,70,-2.777778,,,,
3,-3,70,-2.777778,,,,
3,-3,70,-2.777778,,,,
3,-3,70,-2.777778,,,,
3,-3,70,-2.777778,,,,
3,-3,70,-2.777778,,,,
3,-3,70,-2.777778,,,,
3,-3,70,-2.777778,,,,
3,-3,70,-2.777778,,,,
3,-3,70,-2.777778,,,,
3,-3,70,-2.666667,,,,
3,-3,70,-2.666667,,,,
3,-3,70,-2.666667,,,,
3,-3,70,-2.666667,,,,
3,-3,70,-2.666667,,,,
3,-3,70,-2.666667,,,,
3,-3,70,-2.666667,,,,
3,-3,70,-2.666667,,,,
3,-3,70,-2.666667,,,,
3,-3,70,-2.666667,,,,
3,-3,70,-2.666667,,,,
3,-3,70,-2.666667,,,,
3,-3,69.5,-2.666667,,,,
3,-3,69,-2.666667,,,,
3,-3,69,-2.666667,,,,
3,-3,69,-2.611111,,,,
3,-3,69,-2.611111,,,,
3,-3,69,-2.611111,,,,
3,-3,69,-2.611111,,,,
3,-3,69,-2.611111,,,,
3,-3,69,-2.611111,,,,
3,-3,69,-2.611111,,,,
3,-3,69,-2.611111,,,,
3,-3,69,-2.611111,,,,
3,-3,69,-2.611111,,,,
3,-3,69,-2.611111,,,,
3,-3,69,-2.611111,,,,
3,-3,69,-2.5,,,,
3,-3,69,-2.5,,,,
3,-3,69,-2.5,,,,
3,-3,69,-2.5,,,,
3,-3,69,-2.5,,,,
3,-3,69,-2.5,,,,
3,-3,69,-2.5,,,,
3,-3,69,-2.5,,,,
3,-3,69,-2.5,,,,
3,-3,69,-2.5,,,,
3,-3,69,-2.5,,,,
3,-3,69,-2.5,,,,
3,-3,69,-2.5,,,,
3,-3,69,-2.5,,,,
3,-3,69,-2.5,,,,
3,-3,69,-2.5,,,,
3,-3,69,-2.5,,,,
3,-3,69,-2.5,,,,
3,-3,68,-2.5,,,,
3,-3,68,-2.5,,,,
3,-3,68,-2.5,,,,
3,-3,68,-2.5,,,,
3,-3,68,-2.444445,,,,
3,-3,68,-2.444445,,,,
3,-3,68,-2.444445,,,,
3,-3,68,-2.444445,,,,
3,-3,68,-2.444445,,,,
3,-3,68,-2.444445,,,,
3,-3,68,-2.444445,,,,
3,-3,68,-2.444445,,,,
3,-3,68,-2.444445,,,,
3,-3,68,-2.444445,,,,
3,-3,68,-2.444445,,,,
3,-3,68,-2.444445,,,,
3,-3,68,-2.444445,,,,
3,-3,68,-2.444445,,,,
3,-3,68,-2.444445,,,,
3,-3,68,-2.444445,,,,
3,-3,68,-2.444445,,,,
3,-3,68,-2.444445,,,,
3,-3,68,-2.444445,,,,
3,-3,68,-2.444445,,,,
3,-3,68,-2.444445,,,,
3,-3,68,-2.444445,,,,
3,-3,68,-2.444445,,,,
3,-3,68,-2.333334,,,,
3,-3,68,-2.333334,,,,
3,-3,68,-2.333334,,,,
3,-3,68,-2.333334,,,,
3,-3,68,-2.333334,,,,
3,-3,67.09090909,-2.333334,,,,
3,-3,67,-2.333334,,,,
3,-3,67,-2.333334,,,,
3,-3,67,-2.333334,,,,
3,-3,67,-2.333334,,,,
3,-3,67,-2.333334,,,,
3,-3,67,-2.333334,,,,
3,-3,67,-2.333334,,,,
3,-3,67,-2.277778,,,,
3,-3,67,-2.277778,,,,
3,-3,67,-2.277778,,,,
3,-3,67,-2.277778,,,,
3,-3,67,-2.277778,,,,
3,-3,67,-2.277778,,,,
3,-3,67,-2.277778,,,,
3,-3,67,-2.277778,,,,
3,-3,67,-2.277778,,,,
3,-3,67,-2.277778,,,,
3,-3,67,-2.277778,,,,
3,-3,67,-2.277778,,,,
3,-3,67,-2.277778,,,,
3,-3,67,-2.277778,,,,
3,-3,67,-2.277778,,,,
3,-3,67,-2.277778,,,,
3,-3,67,-2.277778,,,,
3,-3,67,-2.277778,,,,
3,-3,67,-2.166667,,,,
3,-3,67,-2.166667,,,,
3,-3,67,-2.166667,,,,
3,-3,66,-2.166667,,,,
3,-3,66,-2.166667,,,,
3,-3,66,-2.166667,,,,
3,-3,66,-2.166667,,,,
3,-3,66,-2.166667,,,,
3,-3,66,-2.166667,,,,
3,-3,66,-2.166667,,,,
3,-3,66,-2.166667,,,,
3,-3,66,-2.166667,,,,
3,-3,66,-2.166667,,,,
3,-3,66,-2.166667,,,,
3,-3,66,-2.166667,,,,
3,-3,66,-2.166667,,,,
3,-3,66,-2.166667,,,,
3,-3,66,-2.166667,,,,
3,-3,66,-2.166667,,,,
3,-3,66,-2.166667,,,,
3,-3,66,-2.111111,,,,
3,-3,66,-2.111111,,,,
3,-3,66,-2.111111,,,,
3,-3,66,-2.111111,,,,
3,-3,66,-2.111111,,,,
3,-3,66,-2.111111,,,,
3,-3,66,-2.111111,,,,
3,-3,66,-2.111111,,,,
3,-3,66,-2.111111,,,,
3,-3,66,-2.111111,,,,
3,-3,66,-2.111111,,,,
3,-3,66,-2.111111,,,,
3,-3,66,-2.111111,,,,
3,-3,65,-2.111111,,,,
3,-3,65,-2.111111,,,,
3,-3,65,-2.111111,,,,
3,-3,65,-2.111111,,,,
3,-3,65,-2.111111,,,,
3,-3,65,-2.111111,,,,
3,-3,65,-2.111111,,,,
3,-3,65,-2.111111,,,,
3,-3,65,-2.111111,,,,
3,-3,65,-2.111111,,,,
3,-3,65,-2.111111,,,,
3,-3,65,-2.111111,,,,
3,-3,65,-2.111111,,,,
3,-3,65,-2.111111,,,,
3,-3,65,-2.111111,,,,
3,-3,65,-2.111111,,,,
3,-3,65,-2,,,,
3,-3,65,-2,,,,
3,-3,65,-2,,,,
3,-3,65,-2,,,,
3,-3,65,-2,,,,
3,-3,65,-2,,,,
3,-3,65,-2,,,,
3,-3,65,-2,,,,
3,-3,65,-2,,,,
3,-3,65,-2,,,,
3,-3,65,-2,,,,
3,-3,65,-2,,,,
3,-3,65,-2,,,,
3,-3,65,-2,,,,
3,-3,65,-2,,,,
3,-3,65,-2,,,,
3,-3,65,-2,,,,
3,-3,65,-2,,,,
3,-3,65,-2,,,,
3,-3,65,-2,,,,
3,-3,65,-2,,,,
3,-3,65,-2,,,,
3,-3,65,-2,,,,
3,-3,65,-2,,,,
3,-3,64,-2,,,,
3,-3,64,-1.944445,,,,
3,-3,64,-1.944445,,,,
3,-3,64,-1.944445,,,,
3,-3,64,-1.944445,,,,
3,-3,64,-1.944445,,,,
3,-3,64,-1.944445,,,,
3,-3,64,-1.944445,,,,
3,-3,64,-1.944445,,,,
3,-3,64,-1.944445,,,,
3,-3,64,-1.944445,,,,
3,-3,64,-1.944445,,,,
3,-3,64,-1.944445,,,,
3,-3,64,-1.944445,,,,
3,-3,64,-1.944445,,,,
3,-3,64,-1.944445,,,,
3,-3,64,-1.944445,,,,
3,-3,64,-1.944445,,,,
3,-3,64,-1.833333,,,,
3,-3,64,-1.833333,,,,
3,-3,64,-1.833333,,,,
3,-3,64,-1.833333,,,,
3,-3,64,-1.833333,,,,
3,-3,64,-1.833333,,,,
3,-3,64,-1.833333,,,,
3,-3,64,-1.833333,,,,
3,-3,64,-1.833333,,,,
3,-3,64,-1.833333,,,,
3,-3,64,-1.833333,,,,
3,-3,64,-1.833333,,,,
3,-3,64,-1.833333,,,,
3,-3,64,-1.833333,,,,
3,-3,64,-1.833333,,,,
3,-3,64,-1.833333,,,,
3,-3,64,-1.833333,,,,
3,-3,64,-1.833333,,,,
3,-3,64,-1.833333,,,,
3,-3,64,-1.833333,,,,
3,-3,64,-1.777778,,,,
3,-3,63.81818182,-1.777778,,,,
3,-3,63,-1.777778,,,,
3,-3,63,-1.777778,,,,
3,-3,63,-1.777778,,,,
3,-3,63,-1.777778,,,,
3,-3,63,-1.777778,,,,
3,-3,63,-1.777778,,,,
3,-3,63,-1.777778,,,,
3,-3,63,-1.777778,,,,
3,-3,63,-1.777778,,,,
3,-3,63,-1.777778,,,,
3,-3,63,-1.777778,,,,
3,-3,63,-1.777778,,,,
3,-3,63,-1.777778,,,,
3,-3,63,-1.777778,,,,
3,-3,63,-1.777778,,,,
3,-3,63,-1.777778,,,,
3,-3,63,-1.666667,,,,
3,-3,63,-1.666667,,,,
3,-3,63,-1.666667,,,,
3,-3,63,-1.666667,,,,
3,-3,63,-1.666667,,,,
3,-3,63,-1.666667,,,,
3,-3,63,-1.666667,,,,
3,-3,63,-1.666667,,,,
3,-3,63,-1.666667,,,,
3,-3,63,-1.666667,,,,
3,-3,63,-1.666667,,,,
3,-3,63,-1.666667,,,,
3,-3,63,-1.666667,,,,
3,-3,63,-1.666667,,,,
3,-3,63,-1.666667,,,,
3,-3,63,-1.666667,,,,
3,-3,63,-1.666667,,,,
3,-3,63,-1.666667,,,,
3,-3,63,-1.666667,,,,
3,-3,63,-1.666667,,,,
3,-3,63,-1.666667,,,,
3,-3,63,-1.666667,,,,
3,-3,63,-1.666667,,,,
3,-3,63,-1.666667,,,,
3,-3,63,-1.666667,,,,
3,-3,63,-1.666667,,,,
3,-3,62,-1.666667,,,,
3,-3,62,-1.666667,,,,
3,-3,62,-1.666667,,,,
3,-3,62,-1.666667,,,,
3,-3,62,-1.611111,,,,
3,-3,62,-1.611111,,,,
3,-3,62,-1.611111,,,,
3,-3,62,-1.611111,,,,
3,-3,62,-1.611111,,,,
3,-3,62,-1.611111,,,,
3,-3,62,-1.611111,,,,
3,-3,62,-1.611111,,,,
3,-3,62,-1.611111,,,,
3,-3,62,-1.611111,,,,
3,-3,62,-1.611111,,,,
3,-3,62,-1.611111,,,,
3,-3,62,-1.611111,,,,
3,-3,62,-1.611111,,,,
3,-3,62,-1.611111,,,,
3,-3,62,-1.611111,,,,
3,-3,62,-1.611111,,,,
3,-3,62,-1.611111,,,,
3,-3,62,-1.611111,,,,
3,-3,62,-1.611111,,,,
3,-3,62,-1.611111,,,,
3,-3,62,-1.611111,,,,
3,-3,62,-1.611111,,,,
3,-3,62,-1.611111,,,,
3,-3,62,-1.611111,,,,
3,-3,62,-1.5,,,,
3,-3,62,-1.5,,,,
3,-3,62,-1.5,,,,
3,-3,62,-1.5,,,,
3,-3,62,-1.5,,,,
3,-3,62,-1.5,,,,
3,-3,62,-1.5,,,,
3,-3,62,-1.5,,,,
3,-3,62,-1.5,,,,
3,-3,62,-1.5,,,,
3,-3,61,-1.5,,,,
3,-3,61,-1.5,,,,
3,-3,61,-1.5,,,,
3,-3,61,-1.5,,,,
3,-3,61,-1.5,,,,
3,-3,61,-1.5,,,,
3,-3,61,-1.5,,,,
3,-3,61,-1.5,,,,
3,-3,61,-1.5,,,,
3,-3,61,-1.444445,,,,
3,-3,61,-1.444445,,,,
3,-3,61,-1.444445,,,,
3,-3,61,-1.444445,,,,
3,-3,61,-1.444445,,,,
3,-3,61,-1.444445,,,,
3,-3,61,-1.444445,,,,
3,-3,61,-1.444445,,,,
3,-3,61,-1.444445,,,,
3,-3,61,-1.444445,,,,
3,-3,61,-1.444445,,,,
3,-3,61,-1.444445,,,,
3,-3,61,-1.444445,,,,
3,-3,61,-1.444445,,,,
3,-3,61,-1.444445,,,,
3,-3,61,-1.444445,,,,
3,-3,61,-1.444445,,,,
3,-3,61,-1.444445,,,,
3,-3,61,-1.444445,,,,
3,-3,61,-1.444445,,,,
3,-3,61,-1.444445,,,,
3,-3,61,-1.444445,,,,
3,-3,61,-1.444445,,,,
3,-3,61,-1.444445,,,,
3,-3,61,-1.444445,,,,
3,-3,61,-1.444445,,,,
3,-3,61,-1.444445,,,,
3,-3,61,-1.388889,,,,
3,-3,61,-1.388889,,,,
3,-3,61,-1.388889,,,,
3,-3,61,-1.388889,,,,
3,-3,61,-1.388889,,,,
3,-3,61,-1.388889,,,,
3,-3,61,-1.388889,,,,
3,-3,61,-1.388889,,,,
3,-3,61,-1.388889,,,,
3,-3,61,-1.388889,,,,
3,-3,61,-1.388889,,,,
3,-3,61,-1.388889,,,,
3,-3,61,-1.388889,,,,
3,-3,61,-1.388889,,,,
3,-3,61,-1.388889,,,,
3,-3,61,-1.388889,,,,
3,-3,61,-1.388889,,,,
3,-3,61,-1.388889,,,,
3,-3,60.54545455,-1.388889,,,,
3,-3,60,-1.388889,,,,
3,-3,60,-1.388889,,,,
3,-3,60,-1.388889,,,,
3,-3,60,-1.388889,,,,
3,-3,60,-1.388889,,,,
3,-3,60,-1.388889,,,,
3,-3,60,-1.388889,,,,
3,-3,60,-1.388889,,,,
3,-3,60,-1.388889,,,,
3,-3,60,-1.388889,,,,
3,-3,60,-1.388889,,,,
3,-3,60,-1.388889,,,,
3,-3,60,-1.388889,,,,
3,-3,60,-1.388889,,,,
3,-3,60,-1.388889,,,,
3,-3,60,-1.388889,,,,
3,-3,60,-1.388889,,,,
3,-3,60,-1.388889,,,,
3,-3,60,-1.277778,,,,
3,-3,60,-1.277778,,,,
3,-3,60,-1.277778,,,,
3.448275862,-3.448275862,60,-1.277778,,,,
3.448275862,-3.448275862,60,-1.277778,,,,
3.448275862,-3.448275862,60,-1.277778,,,,
4,-4,60,-1.277778,,,,
4,-4,60,-1.277778,,,,
4,-4,60,-1.277778,,,,
4,-4,60,-1.277778,,,,
4,-4,60,-1.277778,,,,
4,-4,60,-1.277778,,,,
4,-4,60,-1.277778,,,,
4,-4,60,-1.222222,,,,
4,-4,60,-1.222222,,,,
4,-4,60,-1.222222,,,,
4,-4,60,-1.222222,,,,
4,-4,60,-1.222222,,,,
4,-4,60,-1.222222,,,,
4,-4,60,-1.222222,,,,
4,-4,60,-1.222222,,,,
4,-4,60,-1.222222,,,,
4,-4,60,-1.222222,,,,
4,-4,60,-1.222222,,,,
4,-4,60,-1.222222,,,,
4,-4,60,-1.222222,,,,
4,-4,60,-1.222222,,,,
4,-4,60,-1.222222,,,,
4,-4,60,-1.222222,,,,
4,-4,60,-1.222222,,,,
4,-4,60,-1.222222,,,,
4,-4,60,-1.222222,,,,
4,-4,60,-1.111111,,,,
4,-4,59,-1.111111,,,,
4,-4,59,-1.111111,,,,
4,-4,59,-1.111111,,,,
4,-4,59,-1.111111,,,,
4,-4,59,-1.111111,,,,
4,-4,59,-1.111111,,,,
4,-4,59,-1.111111,,,,
4,-4,59,-1.111111,,,,
4,-4,59,-1.111111,,,,
4,-4,59,-1.111111,,,,
4,-4,59,-1.111111,,,,
4,-4,59,-1.111111,,,,
4,-4,59,-1.111111,,,,
4,-4,59,-1.111111,,,,
4,-4,59,-1.111111,,,,
4,-4,59,-1.111111,,,,
4,-4,59,-1.111111,,,,
4,-4,59,-1.111111,,,,
4,-4,59,-1.111111,,,,
4,-4,59,-1.111111,,,,
4,-4,59,-1.111111,,,,
4,-4,59,-1.111111,,,,
4,-4,59,-1.055556,,,,
4,-4,59,-1.055556,,,,
4,-4,59,-1.055556,,,,
4,-4,59,-1.055556,,,,
4,-4,59,-1.055556,,,,
4,-4,59,-1.055556,,,,
4,-4,59,-1.055556,,,,
4,-4,59,-1.055556,,,,
4,-4,59,-1.055556,,,,
4,-4,59,-1.055556,,,,
4,-4,59,-1.055556,,,,
4,-4,59,-1.055556,,,,
4,-4,59,-1.055556,,,,
4,-4,59,-1.055556,,,,
4,-4,59,-1.055556,,,,
4,-4,59,-1.055556,,,,
4,-4,59,-1.055556,,,,
4,-4,59,-1.055556,,,,
4,-4,59,-1.055556,,,,
4,-4,59,-1.055556,,,,
4,-4,59,-1.055556,,,,
4,-4,59,-1.055556,,,,
4,-4,58,-1.055556,,,,
4,-4,58,-1.055556,,,,
4,-4,58,-1.055556,,,,
4,-4,58,-1.055556,,,,
4,-4,58,-1.055556,,,,
4,-4,58,-1.055556,,,,
4,-4,58,-1.055556,,,,
4,-4,58,-1.055556,,,,
4,-4,58,-1.055556,,,,
4,-4,58,-0.944445,,,,
4,-4,58,-0.944445,,,,
4,-4,58,-0.944445,,,,
4,-4,58,-0.944445,,,,
4,-4,58,-0.944445,,,,
4,-4,58,-0.944445,,,,
4,-4,58,-0.944445,,,,
4,-4,58,-0.944445,,,,
4,-4,58,-0.944445,,,,
4,-4,58,-0.944445,,,,
4,-4,58,-0.944445,,,,
4,-4,58,-0.944445,,,,
4,-4,58,-0.944445,,,,
4,-4,58,-0.944445,,,,
4,-4,58,-0.944445,,,,
4,-4,58,-0.944445,,,,
4,-4,58,-0.944445,,,,
4,-4,58,-0.944445,,,,
4,-4,58,-0.944445,,,,
4,-4,58,-0.944445,,,,
4,-4,58,-0.944445,,,,
4,-4,58,-0.944445,,,,
4,-4,58,-0.944445,,,,
4,-4,57.27272727,-0.944445,,,,
4,-4,57,-0.944445,,,,
4,-4,57,-0.944445,,,,
4,-4,57,-0.944445,,,,
4,-4,57,-0.944445,,,,
4,-4,57,-0.944445,,,,
4,-4,57,-0.944445,,,,
4,-4,57,-0.944445,,,,
4,-4,57,-0.944445,,,,
4,-4,57,-0.944445,,,,
4,-4,57,-0.944445,,,,
4,-4,57,-0.944445,,,,
4,-4,57,-0.944445,,,,
4,-4,57,-0.944445,,,,
4,-4,57,-0.888889,,,,
4,-4,57,-0.888889,,,,
4,-4,57,-0.888889,,,,
4,-4,57,-0.888889,,,,
4,-4,57,-0.888889,,,,
4,-4,57,-0.888889,,,,
4,-4,57,-0.888889,,,,
4,-4,57,-0.888889,,,,
4,-4,57,-0.888889,,,,
4,-4,57,-0.888889,,,,
4,-4,57,-0.888889,,,,
4,-4,57,-0.888889,,,,
4,-4,57,-0.888889,,,,
4,-4,57,-0.888889,,,,
4,-4,57,-0.888889,,,,
4,-4,57,-0.888889,,,,
4,-4,57,-0.888889,,,,
4,-4,57,-0.888889,,,,
4,-4,57,-0.888889,,,,
4,-4,57,-0.888889,,,,
4,-4,57,-0.888889,,,,
4,-4,57,-0.888889,,,,
4,-4,57,-0.888889,,,,
4,-4,57,-0.888889,,,,
4,-4,57,-0.888889,,,,
4,-4,57,-0.888889,,,,
4,-4,57,-0.888889,,,,
4,-4,56,-0.888889,,,,
4,-4,56,-0.888889,,,,
4,-4,56,-0.888889,,,,
4,-4,56,-0.888889,,,,
4,-4,56,-0.888889,,,,
4,-4,56,-0.888889,,,,
4,-4,56,-0.888889,,,,
4,-4,56,-0.888889,,,,
4,-4,56,-0.888889,,,,
4,-4,56,-0.888889,,,,
4,-4,56,-0.777778,,,,
4,-4,56,-0.777778,,,,
4,-4,56,-0.777778,,,,
4,-4,56,-0.777778,,,,
4,-4,56,-0.777778,,,,
4,-4,56,-0.777778,,,,
4,-4,56,-0.777778,,,,
4,-4,56,-0.777778,,,,
4,-4,56,-0.777778,,,,
4,-4,56,-0.777778,,,,
4,-4,56,-0.777778,,,,
4,-4,56,-0.777778,,,,
4,-4,56,-0.777778,,,,
4,-4,56,-0.777778,,,,
4,-4,56,-0.777778,,,,
4,-4,56,-0.777778,,,,
4,-4,56,-0.777778,,,,
4,-4,56,-0.777778,,,,
4,-4,56,-0.777778,,,,
4,-4,56,-0.777778,,,,
4,-4,56,-0.777778,,,,
4,-4,56,-0.777778,,,,
4,-4,56,-0.777778,,,,
4,-4,56,-0.777778,,,,
4,-4,56,-0.777778,,,,
4,-4,56,-0.777778,,,,
4,-4,56,-0.777778,,,,
4,-4,56,-0.777778,,,,
4,-4,56,-0.777778,,,,
4,-4,56,-0.777778,,,,
4,-4,56,-0.777778,,,,
4,-4,56,-0.777778,,,,
4,-4,55,-0.777778,,,,
4,-4,55,-0.777778,,,,
4,-4,55,-0.777778,,,,
4,-4,55,-0.777778,,,,
4,-4,55,-0.777778,,,,
4,-4,55,-0.722222,,,,
4,-4,55,-0.722222,,,,
4,-4,55,-0.722222,,,,
4,-4,55,-0.722222,,,,
4,-4,55,-0.722222,,,,
4,-4,55,-0.722222,,,,
4,-4,55,-0.722222,,,,
4,-4,55,-0.722222,,,,
4,-4,55,-0.722222,,,,
4,-4,55,-0.722222,,,,
4,-4,55,-0.722222,,,,
4,-4,55,-0.722222,,,,
4,-4,55,-0.722222,,,,
4,-4,55,-0.722222,,,,
4,-4,55,-0.722222,,,,
4,-4,55,-0.722222,,,,
4,-4,55,-0.722222,,,,
4,-4,55,-0.722222,,,,
4,-4,55,-0.722222,,,,
4,-4,55,-0.722222,,,,
4,-4,55,-0.722222,,,,
4,-4,55,-0.722222,,,,
4,-4,55,-0.722222,,,,
4,-4,55,-0.722222,,,,
4,-4,55,-0.722222,,,,
4,-4,55,-0.722222,,,,
4,-4,55,-0.722222,,,,
4,-4,55,-0.722222,,,,
4,-4,55,-0.722222,,,,
4,-4,55,-0.611111,,,,
4,-4,55,-0.611111,,,,
4,-4,55,-0.611111,,,,
4,-4,55,-0.611111,,,,
4,-4,55,-0.611111,,,,
4,-4,55,-0.611111,,,,
4,-4,55,-0.611111,,,,
4,-4,55,-0.611111,,,,
4,-4,55,-0.611111,,,,
4,-4,55,-0.611111,,,,
4,-4,55,-0.611111,,,,
4,-4,55,-0.611111,,,,
4,-4,55,-0.611111,,,,
4,-4,55,-0.611111,,,,
4,-4,55,-0.611111,,,,
4,-4,55,-0.611111,,,,
4,-4,55,-0.611111,,,,
4,-4,54,-0.611111,,,,
4,-4,54,-0.611111,,,,
4,-4,54,-0.611111,,,,
4,-4,54,-0.611111,,,,
4,-4,54,-0.611111,,,,
4,-4,54,-0.611111,,,,
4,-4,54,-0.611111,,,,
4,-4,54,-0.611111,,,,
4,-4,54,-0.611111,,,,
4,-4,54,-0.611111,,,,
4,-4,54,-0.611111,,,,
4,-4,54,-0.555556,,,,
4,-4,54,-0.555556,,,,
4,-4,54,-0.555556,,,,
4,-4,54,-0.555556,,,,
4,-4,54,-0.555556,,,,
4,-4,54,-0.555556,,,,
4,-4,54,-0.555556,,,,
4,-4,54,-0.555556,,,,
4,-4,54,-0.555556,,,,
4,-4,54,-0.555556,,,,
4,-4,54,-0.555556,,,,
4,-4,54,-0.555556,,,,
4,-4,54,-0.555556,,,,
4,-4,54,-0.555556,,,,
4,-4,54,-0.555556,,,,
4,-4,54,-0.555556,,,,
4,-4,54,-0.555556,,,,
4,-4,54,-0.555556,,,,
4,-4,54,-0.555556,,,,
4,-4,54,-0.555556,,,,
4,-4,54,-0.555556,,,,
4,-4,54,-0.555556,,,,
4,-4,54,-0.555556,,,,
4,-4,54,-0.555556,,,,
4,-4,54,-0.555556,,,,
4,-4,54,-0.555556,,,,
4,-4,54,-0.555556,,,,
4,-4,54,-0.555556,,,,
4,-4,54,-0.555556,,,,
4,-4,54,-0.555556,,,,
4,-4,54,-0.555556,,,,
4,-4,54,-0.555556,,,,
4,-4,54,-0.555556,,,,
4,-4,54,-0.555556,,,,
4,-4,54,-0.555556,,,,
4,-4,54,-0.555556,,,,
4,-4,54,-0.555556,,,,
4,-4,54,-0.555556,,,,
4,-4,54,-0.444444,,,,
4,-4,54,-0.444444,,,,
4,-4,54,-0.444444,,,,
4,-4,54,-0.444444,,,,
4,-4,54,-0.444444,,,,
4,-4,54,-0.444444,,,,
4,-4,54,-0.444444,,,,
4,-4,54,-0.444444,,,,
4,-4,54,-0.444444,,,,
4,-4,54,-0.444444,,,,
4,-4,54,-0.444444,,,,
4,-4,54,-0.444444,,,,
4,-4,54,-0.444444,,,,
4,-4,54,-0.444444,,,,
4,-4,53,-0.444444,,,,
4,-4,53,-0.444444,,,,
4,-4,53,-0.444444,,,,
4,-4,53,-0.444444,,,,
4,-4,53,-0.444444,,,,
4,-4,53,-0.444444,,,,
4,-4,53,-0.444444,,,,
4,-4,53,-0.444444,,,,
4,-4,53,-0.444444,,,,
4,-4,53,-0.444444,,,,
4,-4,53,-0.444444,,,,
4,-4,53,-0.444444,,,,
4,-4,53,-0.444444,,,,
4,-4,53,-0.444444,,,,
4,-4,53,-0.388889,,,,
4,-4,53,-0.388889,,,,
4,-4,53,-0.388889,,,,
4,-4,53,-0.388889,,,,
4,-4,53,-0.388889,,,,
4,-4,53,-0.388889,,,,
4,-4,53,-0.388889,,,,
4,-4,53,-0.388889,,,,
4,-4,53,-0.388889,,,,
4,-4,53,-0.388889,,,,
4,-4,53,-0.388889,,,,
4,-4,53,-0.388889,,,,
4,-4,53,-0.388889,,,,
4,-4,53,-0.388889,,,,
4,-4,53,-0.388889,,,,
4,-4,53,-0.388889,,,,
4,-4,53,-0.388889,,,,
4,-4,53,-0.388889,,,,
4,-4,53,-0.388889,,,,
4,-4,53,-0.388889,,,,
4,-4,53,-0.388889,,,,
4,-4,53,-0.388889,,,,
4,-4,53,-0.388889,,,,
4,-4,53,-0.388889,,,,
4,-4,53,-0.388889,,,,
4,-4,53,-0.388889,,,,
4,-4,53,-0.388889,,,,
4,-4,53,-0.388889,,,,
4,-4,53,-0.388889,,,,
4,-4,53,-0.388889,,,,
4,-4,53,-0.388889,,,,
4,-4,53,-0.388889,,,,
4,-4,53,-0.388889,,,,
4,-4,53,-0.388889,,,,
4,-4,53,-0.388889,,,,
4,-4,53,-0.388889,,,,
4,-4,53,-0.388889,,,,
4,-4,52,-0.388889,,,,
4,-4,52,-0.388889,,,,
4,-4,52,-0.388889,,,,
4,-4,52,-0.388889,,,,
4,-4,52,-0.388889,,,,
4,-4,52,-0.388889,,,,
4,-4,52,-0.277778,,,,
4,-4,52,-0.277778,,,,
4,-4,52,-0.277778,,,,
4,-4,52,-0.277778,,,,
4,-4,52,-0.277778,,,,
4,-4,52,-0.277778,,,,
4,-4,52,-0.277778,,,,
4,-4,52,-0.277778,,,,
4,-4,52,-0.277778,,,,
4,-4,52,-0.277778,,,,
4,-4,52,-0.277778,,,,
4,-4,52,-0.277778,,,,
4,-4,52,-0.277778,,,,
4,-4,52,-0.277778,,,,
4,-4,52,-0.277778,,,,
4,-4,52,-0.277778,,,,
4,-4,52,-0.277778,,,,
4,-4,52,-0.277778,,,,
4,-4,52,-0.277778,,,,
4,-4,52,-0.277778,,,,
4,-4,52,-0.277778,,,,
4,-4,52,-0.277778,,,,
4,-4,52,-0.277778,,,,
4,-4,52,-0.277778,,,,
4,-4,52,-0.277778,,,,
4,-4,52,-0.277778,,,,
4,-4,52,-0.277778,,,,
4,-4,52,-0.277778,,,,
4,-4,52,-0.277778,,,,
4,-4,52,-0.277778,,,,
4,-4,52,-0.277778,,,,
4,-4,52,-0.277778,,,,
4,-4,52,-0.277778,,,,
4,-4,52,-0.277778,,,,
4,-4,52,-0.277778,,,,
4,-4,52,-0.277778,,,,
4,-4,52,-0.277778,,,,
4,-4,52,-0.277778,,,,
4,-4,52,-0.277778,,,,
4,-4,52,-0.222222,,,,
4,-4,52,-0.222222,,,,
4,-4,52,-0.222222,,,,
4,-4,52,-0.222222,,,,
4,-4,51,-0.222222,,,,
4,-4,51,-0.222222,,,,
4,-4,51,-0.222222,,,,
4,-4,51,-0.222222,,,,
4,-4,51,-0.222222,,,,
4,-4,51,-0.222222,,,,
4,-4,51,-0.222222,,,,
4,-4,51,-0.222222,,,,
4,-4,51,-0.222222,,,,
4,-4,51,-0.222222,,,,
4,-4,51,-0.222222,,,,
4,-4,51,-0.222222,,,,
4,-4,51,-0.222222,,,,
4,-4,51,-0.222222,,,,
4,-4,51,-0.222222,,,,
4,-4,51,-0.222222,,,,
4,-4,51,-0.222222,,,,
4,-4,51,-0.222222,,,,
4,-4,51,-0.222222,,,,
4,-4,51,-0.111111,,,,
4,-4,51,-0.111111,,,,
4,-4,51,-0.111111,,,,
4,-4,51,-0.111111,,,,
4,-4,51,-0.111111,,,,
4,-4,51,-0.111111,,,,
4,-4,51,-0.111111,,,,
4,-4,51,-0.111111,,,,
4,-4,51,-0.111111,,,,
4,-4,51,-0.111111,,,,
4,-4,51,-0.111111,,,,
4,-4,51,-0.111111,,,,
4,-4,51,-0.111111,,,,
4,-4,51,-0.111111,,,,
4,-4,51,-0.111111,,,,
4,-4,51,-0.111111,,,,
4,-4,51,-0.111111,,,,
4,-4,51,-0.111111,,,,
4,-4,51,-0.111111,,,,
4,-4,51,-0.111111,,,,
4,-4,51,-0.111111,,,,
4,-4,51,-0.111111,,,,
4,-4,51,-0.111111,,,,
4,-4,51,-0.111111,,,,
4,-4,51,-0.111111,,,,
4,-4,51,-0.111111,,,,
4,-4,51,-0.111111,,,,
4,-4,51,-0.111111,,,,
4,-4,51,-0.111111,,,,
4,-4,51,-0.111111,,,,
4,-4,51,-0.111111,,,,
4,-4,51,-0.111111,,,,
4,-4,51,-0.111111,,,,
4,-4,51,-0.111111,,,,
4,-4,51,-0.111111,,,,
4,-4,51,-0.111111,,,,
4,-4,51,-0.111111,,,,
4,-4,51,-0.111111,,,,
4,-4,51,-0.111111,,,,
4,-4,51,-0.111111,,,,
4,-4,51,-0.055556,,,,
4,-4,50,-0.055556,,,,
4,-4,50,-0.055556,,,,
4,-4,50,-0.055556,,,,
4,-4,50,-0.055556,,,,
4,-4,50,-0.055556,,,,
4,-4,50,-0.055556,,,,
4,-4,50,-0.055556,,,,
4,-4,50,-0.055556,,,,
4,-4,50,-0.055556,,,,
4,-4,50,-0.055556,,,,
4,-4,50,-0.055556,,,,
4,-4,50,-0.055556,,,,
4,-4,50,-0.055556,,,,
4,-4,50,-0.055556,,,,
4,-4,50,-0.055556,,,,
4,-4,50,-0.055556,,,,
4,-4,50,-0.055556,,,,
4,-4,50,-0.055556,,,,
4,-4,50,-0.055556,,,,
4,-4,50,-0.055556,,,,
4,-4,50,-0.055556,,,,
4,-4,50,-0.055556,,,,
4,-4,50,-0.055556,,,,
4,-4,50,-0.055556,,,,
4,-4,50,-0.055556,,,,
4,-4,50,-0.055556,,,,
4,-4,50,-0.055556,,,,
4,-4,50,-0.055556,,,,
4,-4,50,-0.055556,,,,
4,-4,50,-0.055556,,,,
4,-4,50,-0.055556,,,,
4,-4,50,-0.055556,,,,
4,-4,50,-0.055556,,,,
4,-4,50,-0.055556,,,,
4,-4,50,-0.055556,,,,
4,-4,50,-0.055556,,,,
4,-4,50,-0.055556,,,,
4,-4,50,-0.055556,,,,
4,-4,50,0.055556,,,,
4,-4,50,0.055556,,,,
4,-4,50,0.055556,,,,
4,-4,50,0.055556,,,,
4,-4,50,0.055556,,,,
4,-4,50,0.055556,,,,
4,-4,50,0.055556,,,,
4,-4,50,0.055556,,,,
4,-4,50,0.055556,,,,
4,-4,50,0.055556,,,,
4,-4,50,0.055556,,,,
4,-4,50,0.055556,,,,
4,-4,50,0.055556,,,,
4,-4,50,0.055556,,,,
4,-4,50,0.055556,,,,
4,-4,50,0.055556,,,,
4,-4,50,0.055556,,,,
4,-4,50,0.055556,,,,
4,-4,50,0.055556,,,,
4,-4,50,0.055556,,,,
4,-4,50,0.055556,,,,
4,-4,50,0.055556,,,,
4,-4,50,0.08341,,,,
4,-4,50,0.111111,,,,
4,-4,50,0.111111,,,,
4,-4,50,0.111111,,,,
4,-4,50,0.111111,,,,
4,-4,50,0.111111,,,,
4,-4,50,0.111111,,,,
4,-4,50,0.111111,,,,
4,-4,50,0.111111,,,,
4,-4,50,0.111111,,,,
4,-4,50,0.111111,,,,
4,-4,50,0.111111,,,,
4,-4,49,0.111111,,,,
4,-4,49,0.111111,,,,
4,-4,49,0.111111,,,,
4,-4,49,0.111111,,,,
4,-4,49,0.111111,,,,
4,-4,49,0.111111,,,,
4,-4,49,0.111111,,,,
4,-4,49,0.111111,,,,
4,-4,49,0.111111,,,,
4,-4,49,0.111111,,,,
4,-4,49,0.111111,,,,
4,-4,49,0.111111,,,,
4,-4,49,0.111111,,,,
4,-4,49,0.111111,,,,
4,-4,49,0.111111,,,,
4,-4,49,0.111111,,,,
4,-4,49,0.111111,,,,
4,-4,49,0.111111,,,,
4,-4,49,0.111111,,,,
4,-4,49,0.111111,,,,
4,-4,49,0.111111,,,,
4,-4,49,0.111111,,,,
4,-4,49,0.111111,,,,
4,-4,49,0.111111,,,,
4,-4,49,0.111111,,,,
4,-4,49,0.111111,,,,
4,-4,49,0.111111,,,,
4,-4,49,0.111111,,,,
4,-4,49,0.111111,,,,
4,-4,49,0.111111,,,,
4,-4,49,0.111111,,,,
4,-4,49,0.222222,,,,
4,-4,49,0.222222,,,,
4,-4,49,0.222222,,,,
4,-4,49,0.222222,,,,
4,-4,49,0.222222,,,,
4,-4,49,0.222222,,,,
4,-4,49,0.222222,,,,
4,-4,49,0.222222,,,,
4,-4,49,0.222222,,,,
4,-4,49,0.222222,,,,
4,-4,49,0.222222,,,,
4,-4,49,0.222222,,,,
4,-4,49,0.222222,,,,
4,-4,49,0.222222,,,,
4,-4,49,0.222222,,,,
4,-4,49,0.222222,,,,
4,-4,49,0.222222,,,,
4,-4,49,0.222222,,,,
4,-4,49,0.222222,,,,
4,-4,49,0.222222,,,,
4,-4,49,0.222222,,,,
4,-4,49,0.222222,,,,
4,-4,49,0.222222,,,,
4,-4,49,0.222222,,,,
4,-4,49,0.222222,,,,
4,-4,49,0.222222,,,,
4,-4,49,0.222222,,,,
4,-4,49,0.222222,,,,
4,-4,49,0.222222,,,,
4,-4,49,0.222222,,,,
4,-4,49,0.222222,,,,
4,-4,49,0.222222,,,,
4,-4,49,0.222222,,,,
4,-4,49,0.222222,,,,
4,-4,49,0.222222,,,,
4,-4,49,0.222222,,,,
4,-4,49,0.222222,,,,
4,-4,49,0.222222,,,,
4,-4,49,0.222222,,,,
4,-4,49,0.222222,,,,
4,-4,49,0.222222,,,,
4,-4,49,0.222222,,,,
4,-4,49,0.222222,,,,
4,-4,49,0.222222,,,,
4,-4,49,0.222222,,,,
4,-4,49,0.222222,,,,
4,-4,49,0.277778,,,,
4,-4,49,0.277778,,,,
4,-4,48,0.277778,,,,
4,-4,48,0.277778,,,,
4,-4,48,0.277778,,,,
4,-4,48,0.277778,,,,
4,-4,48,0.277778,,,,
4,-4,48,0.277778,,,,
4,-4,48,0.277778,,,,
4,-4,48,0.277778,,,,
4,-4,48,0.277778,,,,
4,-4,48,0.277778,,,,
4,-4,48,0.277778,,,,
4,-4,48,0.277778,,,,
4,-4,48,0.277778,,,,
4,-4,48,0.277778,,,,
4,-4,48,0.277778,,,,
4,-4,48,0.277778,,,,
4,-4,48,0.277778,,,,
4,-4,48,0.277778,,,,
4,-4,48,0.277778,,,,
4,-4,48,0.277778,,,,
4,-4,48,0.277778,,,,
4,-4,48,0.277778,,,,
4,-4,48,0.277778,,,,
4,-4,48,0.277778,,,,
4,-4,48,0.277778,,,,
4,-4,48,0.277778,,,,
4,-4,48,0.277778,,,,
4,-4,48,0.277778,,,,
4,-4,48,0.277778,,,,
4,-4,48,0.277778,,,,
4,-4,48,0.277778,,,,
4,-4,48,0.388889,,,,
4,-4,48,0.388889,,,,
4,-4,48,0.388889,,,,
4,-4,48,0.388889,,,,
4,-4,48,0.388889,,,,
4,-4,48,0.388889,,,,
4,-4,48,0.388889,,,,
4,-4,48,0.388889,,,,
4,-4,48,0.388889,,,,
4,-4,48,0.388889,,,,
4,-4,48,0.388889,,,,
4,-4,48,0.388889,,,,
4,-4,48,0.388889,,,,
4,-4,48,0.388889,,,,
4,-4,48,0.388889,,,,
4,-4,48,0.388889,,,,
4,-4,48,0.388889,,,,
4,-4,48,0.388889,,,,
4,-4,48,0.388889,,,,
4,-4,48,0.388889,,,,
4,-4,48,0.388889,,,,
4,-4,48,0.388889,,,,
4,-4,48,0.388889,,,,
4,-4,48,0.388889,,,,
4,-4,48,0.388889,,,,
4,-4,48,0.388889,,,,
4,-4,48,0.388889,,,,
4,-4,48,0.388889,,,,
4,-4,48,0.388889,,,,
4,-4,48,0.388889,,,,
4,-4,48,0.388889,,,,
4,-4,48,0.388889,,,,
4,-4,48,0.388889,,,,
4,-4,48,0.388889,,,,
4,-4,48,0.388889,,,,
4,-4,48,0.388889,,,,
4,-4,48,0.388889,,,,
4,-4,48,0.388889,,,,
4,-4,48,0.388889,,,,
4,-4,48,0.388889,,,,
4,-4,48,0.388889,,,,
4,-4,48,0.388889,,,,
4,-4,48,0.388889,,,,
4,-4,48,0.444444,,,,
4,-4,48,0.444444,,,,
4,-4,48,0.444444,,,,
4,-4,48,0.444444,,,,
4,-4,48,0.444444,,,,
4,-4,48,0.444444,,,,
4,-4,48,0.444444,,,,
4,-4,48,0.444444,,,,
4,-4,48,0.444444,,,,
4,-4,48,0.444444,,,,
4,-4,48,0.444444,,,,
4,-4,48,0.444444,,,,
4,-4,48,0.444444,,,,
4,-4,48,0.444444,,,,
4,-4,48,0.444444,,,,
4,-4,48,0.444444,,,,
4,-4,48,0.444444,,,,
4,-4,48,0.444444,,,,
4,-4,48,0.444444,,,,
4,-4,48,0.444444,,,,
4,-4,48,0.444444,,,,
4,-4,48,0.444444,,,,
4,-4,48,0.444444,,,,
4,-4,48,0.444444,,,,
4,-4,48,0.444444,,,,
4,-4,47,0.444444,,,,
4,-4,47,0.444444,,,,
4,-4,47,0.444444,,,,
4,-4,47,0.444444,,,,
4,-4,47,0.444444,,,,
4,-4,47,0.444444,,,,
4,-4,47,0.444444,,,,
4,-4,47,0.444444,,,,
4,-4,47,0.444444,,,,
4,-4,47,0.444444,,,,
4,-4,47,0.444444,,,,
4,-4,47,0.444444,,,,
4,-4,47,0.5,,,,
4,-4,47,0.5,,,,
4,-4,47,0.5,,,,
4,-4,47,0.5,,,,
4,-4,47,0.5,,,,
4,-4,47,0.5,,,,
4,-4,47,0.5,,,,
4,-4,47,0.5,,,,
4,-4,47,0.5,,,,
4,-4,47,0.5,,,,
4,-4,47,0.5,,,,
4,-4,47,0.5,,,,
4,-4,47,0.5,,,,
4,-4,47,0.5,,,,
4,-4,47,0.5,,,,
4,-4,47,0.5,,,,
4,-4,47,0.5,,,,
4,-4,47,0.5,,,,
4,-4,47,0.5,,,,
4,-4,47,0.5,,,,
4,-4,47,0.5,,,,
4,-4,47,0.5,,,,
4,-4,47,0.5,,,,
4,-4,47,0.5,,,,
4,-4,47,0.5,,,,
4,-4,47,0.5,,,,
4,-4,47,0.5,,,,
4,-4,47,0.5,,,,
4,-4,47,0.5,,,,
4,-4,47,0.5,,,,
4,-4,47,0.5,,,,
4,-4,47,0.5,,,,
4,-4,47,0.5,,,,
4,-4,47,0.5,,,,
4,-4,47,0.5,,,,
4,-4,47,0.5,,,,
4,-4,47,0.5,,,,
4,-4,47,0.5,,,,
4,-4,47,0.611111,,,,
4,-4,47,0.611111,,,,
4,-4,47,0.611111,,,,
4,-4,47,0.611111,,,,
4,-4,47,0.611111,,,,
4,-4,47,0.611111,,,,
4,-4,47,0.611111,,,,
4,-4,47,0.611111,,,,
4,-4,47,0.611111,,,,
4,-4,47,0.611111,,,,
4,-4,47,0.611111,,,,
4,-4,47,0.611111,,,,
4,-4,47,0.611111,,,,
4,-4,47,0.611111,,,,
4,-4,47,0.611111,,,,
4,-4,47,0.611111,,,,
4,-4,47,0.611111,,,,
4,-4,47,0.611111,,,,
4,-4,47,0.611111,,,,
4,-4,47,0.611111,,,,
4,-4,47,0.611111,,,,
4,-4,47,0.611111,,,,
4,-4,47,0.611111,,,,
4,-4,47,0.611111,,,,
4,-4,47,0.611111,,,,
4,-4,47,0.611111,,,,
4,-4,47,0.611111,,,,
4,-4,47,0.611111,,,,
4,-4,47,0.611111,,,,
4,-4,47,0.611111,,,,
4,-4,47,0.611111,,,,
4,-4,47,0.611111,,,,
4,-4,47,0.611111,,,,
4,-4,47,0.611111,,,,
4,-4,47,0.611111,,,,
4,-4,47,0.611111,,,,
4,-4,47,0.611111,,,,
4,-4,47,0.611111,,,,
4,-4,47,0.611111,,,,
4,-4,47,0.611111,,,,
4,-4,47,0.611111,,,,
4,-4,47,0.611111,,,,
4,-4,46,0.611111,,,,
4,-4,46,0.611111,,,,
4,-4,46,0.611111,,,,
4,-4,46,0.611111,,,,
4,-4,46,0.666667,,,,
4,-4,46,0.666667,,,,
4,-4,46,0.666667,,,,
4,-4,46,0.666667,,,,
4,-4,46,0.666667,,,,
4,-4,46,0.666667,,,,
4,-4,46,0.666667,,,,
4,-4,46,0.666667,,,,
4,-4,46,0.666667,,,,
4,-4,46,0.666667,,,,
4,-4,46,0.666667,,,,
4,-4,46,0.666667,,,,
4,-4,46,0.666667,,,,
4,-4,46,0.666667,,,,
4,-4,46,0.666667,,,,
4,-4,46,0.666667,,,,
4,-4,46,0.666667,,,,
4,-4,46,0.666667,,,,
4,-4,46,0.666667,,,,
4,-4,46,0.666667,,,,
4,-4,46,0.666667,,,,
4,-4,46,0.666667,,,,
4,-4,46,0.666667,,,,
4,-4,46,0.666667,,,,
4,-4,46,0.666667,,,,
4,-4,46,0.666667,,,,
4,-4,46,0.666667,,,,
4,-4,46,0.666667,,,,
4,-4,46,0.666667,,,,
4,-4,46,0.666667,,,,
4,-4,46,0.666667,,,,
4,-4,46,0.666667,,,,
4,-4,46,0.666667,,,,
4,-4,46,0.666667,,,,
4,-4,46,0.666667,,,,
4,-4,46,0.666667,,,,
4,-4,46,0.666667,,,,
4,-4,46,0.666667,,,,
4,-4,46,0.666667,,,,
4,-4,46,0.777778,,,,
4,-4,46,0.777778,,,,
4,-4,46,0.777778,,,,
4,-4,46,0.777778,,,,
4,-4,46,0.777778,,,,
4,-4,46,0.777778,,,,
4,-4,46,0.777778,,,,
4,-4,46,0.777778,,,,
4,-4,46,0.777778,,,,
4,-4,46,0.777778,,,,
4,-4,46,0.777778,,,,
4,-4,46,0.777778,,,,
4,-4,46,0.777778,,,,
4,-4,46,0.777778,,,,
4,-4,46,0.777778,,,,
4,-4,46,0.777778,,,,
4,-4,46,0.777778,,,,
4,-4,46,0.777778,,,,
4,-4,46,0.777778,,,,
4,-4,46,0.777778,,,,
4,-4,46,0.777778,,,,
4,-4,46,0.777778,,,,
4,-4,46,0.777778,,,,
4,-4,46,0.777778,,,,
4,-4,46,0.777778,,,,
4,-4,46,0.777778,,,,
4,-4,46,0.777778,,,,
4,-4,46,0.777778,,,,
4,-4,46,0.777778,,,,
4,-4,46,0.777778,,,,
4,-4,46,0.777778,,,,
4,-4,46,0.777778,,,,
4,-4,46,0.777778,,,,
4,-4,46,0.777778,,,,
4,-4,46,0.777778,,,,
4,-4,46,0.777778,,,,
4,-4,46,0.777778,,,,
4,-4,46,0.777778,,,,
4,-4,46,0.777778,,,,
4,-4,46,0.777778,,,,
4,-4,46,0.777778,,,,
4,-4,46,0.777778,,,,
4,-4,46,0.777778,,,,
4,-4,46,0.777778,,,,
4,-4,46,0.777778,,,,
4,-4,46,0.777778,,,,
4,-4,46,0.777778,,,,
4,-4,46,0.777778,,,,
4,-4,46,0.777778,,,,
4,-4,46,0.777778,,,,
4,-4,46,0.777778,,,,
4,-4,46,0.777778,,,,
4,-4,46,0.777778,,,,
4,-4,46,0.833333,,,,
4,-4,46,0.833333,,,,
4,-4,46,0.833333,,,,
4,-4,46,0.833333,,,,
4,-4,46,0.833333,,,,
4,-4,46,0.833333,,,,
4,-4,46,0.833333,,,,
4,-4,46,0.833333,,,,
4,-4,46,0.833333,,,,
4,-4,45.5,0.833333,,,,
4,-4,45,0.833333,,,,
4,-4,45,0.833333,,,,
4,-4,45,0.833333,,,,
4,-4,45,0.833333,,,,
4,-4,45,0.833333,,,,
4,-4,45,0.833333,,,,
4,-4,45,0.833333,,,,
4,-4,45,0.833333,,,,
4,-4,45,0.833333,,,,
4,-4,45,0.833333,,,,
4,-4,45,0.833333,,,,
4,-4,45,0.833333,,,,
4,-4,45,0.833333,,,,
4,-4,45,0.833333,,,,
4,-4,45,0.833333,,,,
4,-4,45,0.833333,,,,
4,-4,45,0.833333,,,,
4,-4,45,0.833333,,,,
4,-4,45,0.833333,,,,
4,-4,45,0.833333,,,,
4,-4,45,0.833333,,,,
4,-4,45,0.833333,,,,
4,-4,45,0.833333,,,,
4,-4,45,0.833333,,,,
4,-4,45,0.833333,,,,
4,-4,45,0.833333,,,,
4,-4,45,0.833333,,,,
4,-4,45,0.833333,,,,
4,-4,45,0.833333,,,,
4,-4,45,0.833333,,,,
4,-4,45,0.944445,,,,
4,-4,45,0.944445,,,,
4,-4,45,0.944445,,,,
4,-4,45,0.944445,,,,
4,-4,45,0.944445,,,,
4,-4,45,0.944445,,,,
4,-4,45,0.944445,,,,
4,-4,45,0.944445,,,,
4,-4,45,0.944445,,,,
4,-4,45,0.944445,,,,
4,-4,45,0.944445,,,,
4,-4,45,0.944445,,,,
4,-4,45,0.944445,,,,
4,-4,45,0.944445,,,,
4,-4,45,0.944445,,,,
4,-4,45,0.944445,,,,
4,-4,45,0.944445,,,,
4,-4,45,0.944445,,,,
4,-4,45,0.944445,,,,
4,-4,45,0.944445,,,,
4,-4,45,0.944445,,,,
4,-4,45,0.944445,,,,
4,-4,45,0.944445,,,,
4,-4,45,0.944445,,,,
4,-4,45,0.944445,,,,
4,-4,45,0.944445,,,,
4,-4,45,0.944445,,,,
4,-4,45,0.944445,,,,
4,-4,45,0.944445,,,,
4,-4,45,0.944445,,,,
4,-4,45,0.944445,,,,
4,-4,45,0.944445,,,,
4,-4,45,0.944445,,,,
4,-4,45,0.944445,,,,
4,-4,45,0.944445,,,,
4,-4,45,0.944445,,,,
4,-4,45,1,,,,
4,-4,45,1,,,,
4,-4,45,1,,,,
4,-4,45,1,,,,
4,-4,45,1,,,,
4,-4,45,1,,,,
4,-4,45,1,,,,
4,-4,45,1,,,,
4,-4,45,1,,,,
4,-4,45,1,,,,
4,-4,45,1,,,,
4,-4,45,1,,,,
4,-4,45,1,,,,
4,-4,45,1,,,,
4,-4,45,1,,,,
4,-4,45,1,,,,
4,-4,45,1,,,,
4,-4,45,1,,,,
4,-4,45,1,,,,
4,-4,45,1,,,,
4,-4,45,1,,,,
4,-4,45,1,,,,
4,-4,45,1,,,,
4,-4,45,1,,,,
4,-4,45,1,,,,
4,-4,45,1,,,,
4,-4,45,1,,,,
4,-4,45,1,,,,
4,-4,45,1,,,,
4,-4,45,1,,,,
4,-4,45,1,,,,
4,-4,45,1,,,,
4,-4,45,1,,,,
4,-4,45,1,,,,
4,-4,45,1,,,,
4,-4,45,1,,,,
4,-4,45,1,,,,
4,-4,45,1,,,,
4,-4,45,1.111111,,,,
4,-4,45,1.111111,,,,
4,-4,45,1.111111,,,,
4,-4,45,1.111111,,,,
4,-4,45,1.111111,,,,
4,-4,45,1.111111,,,,
4,-4,45,1.111111,,,,
4,-4,45,1.111111,,,,
4,-4,45,1.111111,,,,
4,-4,45,1.111111,,,,
4,-4,45,1.111111,,,,
4,-4,45,1.111111,,,,
4,-4,45,1.111111,,,,
4,-4,45,1.111111,,,,
4,-4,45,1.111111,,,,
4,-4,45,1.111111,,,,
4,-4,45,1.111111,,,,
4,-4,45,1.111111,,,,
4,-4,45,1.111111,,,,
4,-4,45,1.111111,,,,
4,-4,45,1.111111,,,,
4,-4,45,1.111111,,,,
4,-4,45,1.111111,,,,
4,-4,45,1.111111,,,,
4,-4,45,1.111111,,,,
4,-4,45,1.111111,,,,
4,-4,45,1.111111,,,,
4,-4,45,1.111111,,,,
4,-4,45,1.111111,,,,
4,-4,45,1.111111,,,,
4,-4,45,1.111111,,,,
4,-4,45,1.166667,,,,
4,-4,45,1.166667,,,,
4,-4,44,1.166667,,,,
4,-4,44,1.166667,,,,
4,-4,44,1.166667,,,,
4,-4,44,1.166667,,,,
4,-4,44,1.166667,,,,
4,-4,44,1.166667,,,,
4,-4,44,1.166667,,,,
4,-4,44,1.166667,,,,
4,-4,44,1.166667,,,,
4,-4,44,1.166667,,,,
4,-4,44,1.166667,,,,
4,-4,44,1.166667,,,,
4,-4,44,1.166667,,,,
4,-4,44,1.166667,,,,
4,-4,44,1.166667,,,,
4,-4,44,1.166667,,,,
4,-4,44,1.166667,,,,
4,-4,44,1.166667,,,,
4,-4,44,1.166667,,,,
4,-4,44,1.166667,,,,
4,-4,44,1.166667,,,,
4,-4,44,1.166667,,,,
4,-4,44,1.166667,,,,
4,-4,44,1.166667,,,,
4,-4,44,1.166667,,,,
4,-4,44,1.166667,,,,
4,-4,44,1.166667,,,,
4,-4,44,1.166667,,,,
4,-4,44,1.166667,,,,
4,-4,44,1.166667,,,,
4,-4,44,1.166667,,,,
4,-4,44,1.166667,,,,
4,-4,44,1.166667,,,,
4,-4,44,1.166667,,,,
4,-4,44,1.166667,,,,
4,-4,44,1.166667,,,,
4,-4,44,1.166667,,,,
4,-4,44,1.166667,,,,
4,-4,44,1.166667,,,,
4,-4,44,1.166667,,,,
4,-4,44,1.166667,,,,
4,-4,44,1.166667,,,,
4,-4,44,1.277778,,,,
4,-4,44,1.277778,,,,
4,-4,44,1.277778,,,,
4,-4,44,1.277778,,,,
4,-4,44,1.277778,,,,
4,-4,44,1.277778,,,,
4,-4,44,1.277778,,,,
4,-4,44,1.277778,,,,
4,-4,44,1.277778,,,,
4,-4,44,1.277778,,,,
4,-4,44,1.277778,,,,
4,-4,44,1.277778,,,,
4,-4,44,1.277778,,,,
4,-4,44,1.277778,,,,
4,-4,44,1.277778,,,,
4,-4,44,1.277778,,,,
4,-4,44,1.277778,,,,
4,-4,44,1.277778,,,,
4,-4,44,1.277778,,,,
4,-4,44,1.277778,,,,
4,-4,44,1.277778,,,,
4,-4,44,1.277778,,,,
4,-4,44,1.277778,,,,
4,-4,44,1.277778,,,,
4,-4,44,1.277778,,,,
4,-4,44,1.277778,,,,
4,-4,44,1.277778,,,,
4,-4,44,1.277778,,,,
4,-4,44,1.277778,,,,
4,-4,44,1.277778,,,,
4,-4,44,1.277778,,,,
4,-4,44,1.277778,,,,
4,-4,44,1.277778,,,,
4,-4,44,1.277778,,,,
4,-4,44,1.277778,,,,
4,-4,44,1.277778,,,,
4,-4,44,1.277778,,,,
4,-4,44,1.277778,,,,
4,-4,44,1.277778,,,,
4,-4,44,1.277778,,,,
4,-4,44,1.277778,,,,
4,-4,44,1.277778,,,,
4,-4,44,1.333333,,,,
4,-4,44,1.333333,,,,
4,-4,44,1.333333,,,,
4,-4,44,1.333333,,,,
4,-4,44,1.333333,,,,
4,-4,44,1.333333,,,,
4,-4,44,1.333333,,,,
4,-4,44,1.333333,,,,
4,-4,44,1.333333,,,,
4,-4,44,1.333333,,,,
4,-4,44,1.333333,,,,
4,-4,44,1.333333,,,,
4,-4,44,1.333333,,,,
4,-4,44,1.333333,,,,
4,-4,44,1.333333,,,,
4,-4,44,1.333333,,,,
4,-4,44,1.333333,,,,
4,-4,44,1.333333,,,,
4,-4,44,1.333333,,,,
4.347826087,-4.347826087,44,1.333333,,,,
4.347826087,-4.347826087,44,1.333333,,,,
4.347826087,-4.347826087,44,1.333333,,,,
4.347826087,-4.347826087,44,1.333333,,,,
4.347826087,-4.347826087,44,1.444445,,,,
4.347826087,-4.347826087,44,1.444445,,,,
4.347826087,-4.347826087,44,1.444445,,,,
4.347826087,-4.347826087,44,1.444445,,,,
4.347826087,-4.347826087,44,1.444445,,,,
4.347826087,-4.347826087,44,1.444445,,,,
4.347826087,-4.347826087,44,1.444445,,,,
4.347826087,-4.347826087,44,1.444445,,,,
4.347826087,-4.347826087,44,1.444445,,,,
4.347826087,-4.347826087,44,1.444445,,,,
4.347826087,-4.347826087,44,1.444445,,,,
4.347826087,-4.347826087,44,1.444445,,,,
4.347826087,-4.347826087,44,1.444445,,,,
4.347826087,-4.347826087,44,1.444445,,,,
4.347826087,-4.347826087,44,1.444445,,,,
4.347826087,-4.347826087,44,1.444445,,,,
4.347826087,-4.347826087,44,1.444445,,,,
4.347826087,-4.347826087,44,1.444445,,,,
4.347826087,-4.347826087,43,1.444445,,,,
4.5,-4.5,43,1.444445,,,,
5,-5,43,1.444445,,,,
5,-5,43,1.444445,,,,
5,-5,43,1.444445,,,,
5,-5,43,1.444445,,,,
5,-5,43,1.444445,,,,
5,-5,43,1.444445,,,,
5,-5,43,1.444445,,,,
5,-5,43,1.444445,,,,
5,-5,43,1.444445,,,,
5,-5,43,1.444445,,,,
5,-5,43,1.444445,,,,
5,-5,43,1.444445,,,,
5,-5,43,1.444445,,,,
5,-5,43,1.444445,,,,
5,-5,43,1.444445,,,,
5,-5,43,1.5,,,,
5,-5,43,1.5,,,,
5,-5,43,1.5,,,,
5,-5,43,1.5,,,,
5,-5,43,1.5,,,,
5,-5,43,1.5,,,,
5,-5,43,1.5,,,,
5,-5,43,1.5,,,,
5,-5,43,1.5,,,,
5,-5,43,1.5,,,,
5,-5,43,1.5,,,,
5,-5,43,1.5,,,,
5,-5,43,1.5,,,,
5,-5,43,1.5,,,,
5,-5,43,1.5,,,,
5,-5,43,1.5,,,,
5,-5,43,1.5,,,,
5,-5,43,1.5,,,,
5,-5,43,1.5,,,,
5,-5,43,1.611111,,,,
5,-5,43,1.611111,,,,
5,-5,43,1.611111,,,,
5,-5,43,1.611111,,,,
5,-5,43,1.611111,,,,
5,-5,43,1.611111,,,,
5,-5,43,1.611111,,,,
5,-5,43,1.611111,,,,
5,-5,43,1.611111,,,,
5,-5,43,1.611111,,,,
5,-5,43,1.611111,,,,
5,-5,43,1.611111,,,,
5,-5,43,1.611111,,,,
5,-5,43,1.611111,,,,
5,-5,43,1.611111,,,,
5,-5,43,1.611111,,,,
5,-5,43,1.611111,,,,
5,-5,43,1.611111,,,,
5,-5,43,1.611111,,,,
5,-5,43,1.611111,,,,
5,-5,43,1.611111,,,,
5,-5,43,1.611111,,,,
5,-5,43,1.611111,,,,
5,-5,43,1.611111,,,,
5,-5,43,1.611111,,,,
5,-5,43,1.611111,,,,
5,-5,43,1.611111,,,,
5,-5,43,1.611111,,,,
5,-5,43,1.611111,,,,
5,-5,43,1.611111,,,,
5,-5,43,1.611111,,,,
5,-5,43,1.611111,,,,
5,-5,43,1.611111,,,,
5,-5,43,1.611111,,,,
5,-5,43,1.611111,,,,
5,-5,43,1.611111,,,,
5,-5,43,1.611111,,,,
5,-5,43,1.611111,,,,
5,-5,43,1.611111,,,,
5,-5,43,1.611111,,,,
5,-5,43,1.611111,,,,
5,-5,43,1.611111,,,,
5,-5,43,1.611111,,,,
5,-5,43,1.666667,,,,
5,-5,43,1.666667,,,,
5,-5,43,1.666667,,,,
5,-5,43,1.666667,,,,
5,-5,43,1.666667,,,,
5,-5,43,1.666667,,,,
5,-5,43,1.666667,,,,
5,-5,43,1.666667,,,,
5,-5,43,1.666667,,,,
5,-5,43,1.666667,,,,
5,-5,43,1.666667,,,,
5,-5,43,1.666667,,,,
5,-5,43,1.666667,,,,
5,-5,43,1.666667,,,,
5,-5,43,1.666667,,,,
5,-5,43,1.666667,,,,
5,-5,43,1.666667,,,,
5,-5,43,1.666667,,,,
5,-5,43,1.666667,,,,
5,-5,43,1.666667,,,,
5,-5,43,1.666667,,,,
5,-5,43,1.666667,,,,
5,-5,43,1.666667,,,,
5,-5,43,1.666667,,,,
5,-5,43,1.666667,,,,
5,-5,43,1.666667,,,,
5,-5,43,1.666667,,,,
5,-5,43,1.666667,,,,
5,-5,43,1.666667,,,,
5,-5,43,1.666667,,,,
5,-5,43,1.666667,,,,
5,-5,43,1.666667,,,,
5,-5,43,1.666667,,,,
5,-5,43,1.666667,,,,
5,-5,43,1.666667,,,,
5,-5,43,1.666667,,,,
5,-5,43,1.777778,,,,
5,-5,43,1.777778,,,,
5,-5,43,1.777778,,,,
5,-5,43,1.777778,,,,
5,-5,43,1.777778,,,,
5,-5,43,1.777778,,,,
5,-5,43,1.777778,,,,
5,-5,43,1.777778,,,,
5,-5,43,1.777778,,,,
5,-5,43,1.777778,,,,
5,-5,42,1.777778,,,,
5,-5,42,1.777778,,,,
5,-5,42,1.777778,,,,
5,-5,42,1.777778,,,,
5,-5,42,1.777778,,,,
5,-5,42,1.777778,,,,
5,-5,42,1.777778,,,,
5,-5,42,1.777778,,,,
5,-5,42,1.777778,,,,
5,-5,42,1.777778,,,,
5,-5,42,1.777778,,,,
5,-5,42,1.777778,,,,
5,-5,42,1.777778,,,,
5,-5,42,1.777778,,,,
5,-5,42,1.777778,,,,
5,-5,42,1.777778,,,,
5,-5,42,1.777778,,,,
5,-5,42,1.777778,,,,
5,-5,42,1.777778,,,,
5,-5,42,1.777778,,,,
5,-5,42,1.777778,,,,
5,-5,42,1.777778,,,,
5,-5,42,1.777778,,,,
5,-5,42,1.777778,,,,
5,-5,42,1.777778,,,,
5,-5,42,1.833333,,,,
5,-5,42,1.833333,,,,
5,-5,42,1.833333,,,,
5,-5,42,1.833333,,,,
5,-5,42,1.833333,,,,
5,-5,42,1.833333,,,,
5,-5,42,1.833333,,,,
5,-5,42,1.833333,,,,
5,-5,42,1.833333,,,,
5,-5,42,1.833333,,,,
5,-5,42,1.833333,,,,
5,-5,42,1.833333,,,,
5,-5,42,1.833333,,,,
5,-5,42,1.833333,,,,
5,-5,42,1.833333,,,,
5,-5,42,1.833333,,,,
5,-5,42,1.833333,,,,
5,-5,42,1.833333,,,,
5,-5,42,1.833333,,,,
5,-5,42,1.833333,,,,
5,-5,42,1.833333,,,,
5,-5,42,1.833333,,,,
5,-5,42,1.833333,,,,
5,-5,42,1.833333,,,,
5,-5,42,1.833333,,,,
5,-5,42,1.833333,,,,
5,-5,42,1.833333,,,,
5,-5,42,1.833333,,,,
5,-5,42,1.833333,,,,
5,-5,42,1.833333,,,,
5,-5,42,1.833333,,,,
5,-5,42,1.833333,,,,
5,-5,42,1.833333,,,,
5,-5,42,1.833333,,,,
5,-5,42,1.833333,,,,
5,-5,42,1.833333,,,,
5,-5,42,1.944445,,,,
5,-5,42,1.944445,,,,
5,-5,42,1.944445,,,,
5,-5,42,1.944445,,,,
5,-5,42,1.944445,,,,
5,-5,42,1.944445,,,,
5,-5,42,1.944445,,,,
5,-5,42,1.944445,,,,
5,-5,42,1.944445,,,,
5,-5,42,1.944445,,,,
5,-5,42,1.944445,,,,
5,-5,42,1.944445,,,,
5,-5,42,1.944445,,,,
5,-5,42,1.944445,,,,
5,-5,42,1.944445,,,,
5,-5,42,1.944445,,,,
5,-5,42,1.944445,,,,
5,-5,42,1.944445,,,,
5,-5,42,1.944445,,,,
5,-5,42,1.944445,,,,
5,-5,42,1.944445,,,,
5,-5,42,1.944445,,,,
5,-5,42,1.944445,,,,
5,-5,42,1.944445,,,,
5,-5,42,1.944445,,,,
5,-5,41,1.944445,,,,
5,-5,41,1.944445,,,,
5,-5,41,1.944445,,,,
5,-5,41,1.944445,,,,
5,-5,41,1.944445,,,,
5,-5,41,1.944445,,,,
5,-5,41,1.944445,,,,
5,-5,41,1.944445,,,,
5,-5,41,1.944445,,,,
5,-5,41,1.944445,,,,
5,-5,41,2,,,,
5,-5,41,2,,,,
5,-5,41,2,,,,
5,-5,41,2,,,,
5,-5,41,2,,,,
5,-5,41,2,,,,
5,-5,41,2,,,,
5,-5,41,2,,,,
5,-5,41,2,,,,
5,-5,41,2,,,,
5,-5,41,2,,,,
5,-5,41,2,,,,
5,-5,41,2,,,,
5,-5,41,2,,,,
5,-5,41,2,,,,
5,-5,41,2,,,,
5,-5,41,2,,,,
5,-5,41,2,,,,
5,-5,41,2,,,,
5,-5,41,2,,,,
5,-5,41,2,,,,
5,-5,41,2,,,,
5,-5,41,2,,,,
5,-5,41,2,,,,
5,-5,41,2,,,,
5,-5,41,2,,,,
5,-5,41,2,,,,
5,-5,41,2,,,,
5,-5,41,2,,,,
5,-5,41,2,,,,
5,-5,41,2.111111,,,,
5,-5,41,2.111111,,,,
5,-5,41,2.111111,,,,
5,-5,41,2.111111,,,,
5,-5,41,2.111111,,,,
5,-5,41,2.111111,,,,
5,-5,41,2.111111,,,,
5,-5,41,2.111111,,,,
5,-5,41,2.111111,,,,
5,-5,41,2.111111,,,,
5,-5,41,2.111111,,,,
5,-5,41,2.111111,,,,
5,-5,41,2.111111,,,,
5,-5,41,2.111111,,,,
5,-5,41,2.111111,,,,
5,-5,41,2.111111,,,,
5,-5,41,2.111111,,,,
5,-5,41,2.111111,,,,
5,-5,41,2.111111,,,,
5,-5,41,2.111111,,,,
5,-5,41,2.111111,,,,
5,-5,41,2.111111,,,,
5,-5,41,2.111111,,,,
5,-5,41,2.111111,,,,
5,-5,41,2.111111,,,,
5,-5,41,2.111111,,,,
5,-5,41,2.111111,,,,
5,-5,41,2.111111,,,,
5,-5,41,2.111111,,,,
5,-5,41,2.111111,,,,
5,-5,41,2.111111,,,,
5,-5,41,2.111111,,,,
5,-5,41,2.111111,,,,
5,-5,41,2.166667,,,,
5,-5,41,2.166667,,,,
5,-5,41,2.166667,,,,
5,-5,41,2.166667,,,,
5,-5,41,2.166667,,,,
5,-5,41,2.166667,,,,
5,-5,41,2.166667,,,,
5,-5,41,2.166667,,,,
5,-5,41,2.166667,,,,
5,-5,41,2.166667,,,,
5,-5,41,2.166667,,,,
5,-5,41,2.166667,,,,
5,-5,41,2.166667,,,,
5,-5,41,2.166667,,,,
5,-5,41,2.166667,,,,
5,-5,41,2.166667,,,,
5,-5,41,2.166667,,,,
5,-5,41,2.166667,,,,
5,-5,41,2.166667,,,,
5,-5,40,2.166667,,,,
5,-5,40,2.166667,,,,
5,-5,40,2.166667,,,,
5,-5,40,2.166667,,,,
5,-5,40,2.166667,,,,
5,-5,40,2.166667,,,,
5,-5,40,2.166667,,,,
5,-5,40,2.166667,,,,
5,-5,40,2.166667,,,,
5,-5,40,2.166667,,,,
5,-5,40,2.166667,,,,
5,-5,40,2.166667,,,,
5,-5,40,2.166667,,,,
5,-5,40,2.166667,,,,
5,-5,40,2.166667,,,,
5,-5,40,2.166667,,,,
5,-5,40,2.166667,,,,
5,-5,40,2.166667,,,,
5,-5,40,2.166667,,,,
5,-5,40,2.166667,,,,
5,-5,40,2.166667,,,,
5,-5,40,2.166667,,,,
5,-5,40,2.166667,,,,
5,-5,40,2.166667,,,,
5,-5,40,2.166667,,,,
5,-5,40,2.166667,,,,
5,-5,40,2.166667,,,,
5,-5,40,2.166667,,,,
5,-5,40,2.166667,,,,
5,-5,40,2.166667,,,,
5,-5,40,2.166667,,,,
5,-5,40,2.166667,,,,
5,-5,40,2.166667,,,,
5,-5,40,2.166667,,,,
5,-5,40,2.222222,,,,
5,-5,40,2.222222,,,,
5,-5,40,2.222222,,,,
5,-5,40,2.222222,,,,
5,-5,40,2.222222,,,,
5,-5,40,2.222222,,,,
5,-5,40,2.222222,,,,
5,-5,40,2.222222,,,,
5,-5,40,2.222222,,,,
5,-5,40,2.222222,,,,
5,-5,40,2.222222,,,,
5,-5,40,2.222222,,,,
5,-5,40,2.222222,,,,
5,-5,40,2.222222,,,,
5,-5,40,2.222222,,,,
5,-5,40,2.222222,,,,
5,-5,40,2.222222,,,,
5,-5,40,2.222222,,,,
5,-5,40,2.222222,,,,
5,-5,40,2.222222,,,,
5,-5,40,2.222222,,,,
5,-5,40,2.222222,,,,
5,-5,40,2.222222,,,,
5,-5,40,2.222222,,,,
5,-5,40,2.222222,,,,
5,-5,40,2.222222,,,,
5,-5,40,2.222222,,,,
5,-5,40,2.222222,,,,
5,-5,40,2.222222,,,,
5,-5,40,2.222222,,,,
5,-5,40,2.222222,,,,
5,-5,40,2.222222,,,,
5,-5,40,2.222222,,,,
5,-5,40,2.222222,,,,
5,-5,40,2.222222,,,,
5,-5,40,2.333334,,,,
5,-5,40,2.333334,,,,
5,-5,40,2.333334,,,,
5,-5,40,2.333334,,,,
5,-5,40,2.333334,,,,
5,-5,40,2.333334,,,,
5,-5,40,2.333334,,,,
5,-5,40,2.333334,,,,
5,-5,40,2.333334,,,,
5,-5,40,2.333334,,,,
5,-5,40,2.333334,,,,
5,-5,40,2.333334,,,,
5,-5,40,2.333334,,,,
5,-5,40,2.333334,,,,
5,-5,40,2.333334,,,,
5,-5,40,2.333334,,,,
5,-5,40,2.333334,,,,
5,-5,40,2.333334,,,,
5,-5,40,2.333334,,,,
5,-5,39,2.333334,,,,
5,-5,39,2.333334,,,,
5,-5,39,2.333334,,,,
5,-5,39,2.333334,,,,
5,-5,39,2.333334,,,,
5,-5,39,2.333334,,,,
5,-5,39,2.333334,,,,
5,-5,39,2.333334,,,,
5,-5,39,2.333334,,,,
5,-5,39,2.333334,,,,
5,-5,39,2.333334,,,,
5,-5,39,2.333334,,,,
5,-5,39,2.333334,,,,
5,-5,39,2.333334,,,,
5,-5,39,2.333334,,,,
5,-5,39,2.333334,,,,
5,-5,39,2.388889,,,,
5,-5,39,2.388889,,,,
5,-5,39,2.388889,,,,
5,-5,39,2.388889,,,,
5,-5,39,2.388889,,,,
5,-5,39,2.388889,,,,
5,-5,39,2.388889,,,,
5,-5,39,2.388889,,,,
5,-5,39,2.388889,,,,
5,-5,39,2.388889,,,,
5,-5,39,2.388889,,,,
5,-5,39,2.388889,,,,
5,-5,39,2.388889,,,,
5,-5,39,2.388889,,,,
5,-5,39,2.388889,,,,
5,-5,39,2.388889,,,,
5,-5,39,2.388889,,,,
5,-5,39,2.388889,,,,
5,-5,39,2.388889,,,,
5,-5,39,2.388889,,,,
5,-5,39,2.388889,,,,
5,-5,39,2.388889,,,,
5,-5,39,2.388889,,,,
5,-5,39,2.388889,,,,
5,-5,39,2.388889,,,,
5,-5,39,2.388889,,,,
5,-5,39,2.388889,,,,
5,-5,39,2.388889,,,,
5,-5,39,2.388889,,,,
5,-5,39,2.5,,,,
5,-5,39,2.5,,,,
5,-5,39,2.5,,,,
5,-5,39,2.5,,,,
5,-5,39,2.5,,,,
5,-5,39,2.5,,,,
5,-5,39,2.5,,,,
5,-5,39,2.5,,,,
5,-5,39,2.5,,,,
5,-5,39,2.5,,,,
5,-5,39,2.5,,,,
5,-5,39,2.5,,,,
5,-5,39,2.5,,,,
5,-5,39,2.5,,,,
5,-5,39,2.5,,,,
5,-5,39,2.5,,,,
5,-5,39,2.5,,,,
5,-5,39,2.5,,,,
5,-5,39,2.5,,,,
5,-5,39,2.5,,,,
5,-5,39,2.5,,,,
5,-5,39,2.5,,,,
5,-5,39,2.5,,,,
5,-5,39,2.5,,,,
5,-5,39,2.5,,,,
5,-5,39,2.5,,,,
5,-5,39,2.5,,,,
5,-5,39,2.5,,,,
5,-5,39,2.5,,,,
5,-5,39,2.5,,,,
5,-5,39,2.5,,,,
5,-5,39,2.5,,,,
5,-5,39,2.5,,,,
5,-5,39,2.5,,,,
5,-5,39,2.5,,,,
5,-5,39,2.5,,,,
5,-5,38,2.555556,,,,
5,-5,38,2.555556,,,,
5,-5,38,2.555556,,,,
5,-5,38,2.555556,,,,
5,-5,38,2.555556,,,,
5,-5,38,2.555556,,,,
5,-5,38,2.555556,,,,
5,-5,38,2.555556,,,,
5,-5,38,2.555556,,,,
5,-5,38,2.555556,,,,
5,-5,38,2.555556,,,,
5,-5,38,2.555556,,,,
5,-5,38,2.555556,,,,
5,-5,38,2.555556,,,,
5,-5,38,2.555556,,,,
5,-5,38,2.555556,,,,
5,-5,38,2.555556,,,,
5,-5,38,2.555556,,,,
5,-5,38,2.555556,,,,
5,-5,38,2.555556,,,,
5,-5,38,2.555556,,,,
5,-5,38,2.555556,,,,
5,-5,38,2.555556,,,,
5,-5,38,2.555556,,,,
5,-5,38,2.555556,,,,
5,-5,38,2.555556,,,,
5,-5,38,2.555556,,,,
5,-5,38,2.555556,,,,
5,-5,38,2.555556,,,,
5,-5,38,2.555556,,,,
5,-5,38,2.555556,,,,
5,-5,38,2.555556,,,,
5,-5,38,2.555556,,,,
5,-5,38,2.555556,,,,
5,-5,38,2.555556,,,,
5,-5,38,2.555556,,,,
5,-5,38,2.555556,,,,
5,-5,38,2.555556,,,,
5,-5,38,2.555556,,,,
5,-5,38,2.666667,,,,
5,-5,38,2.666667,,,,
5,-5,38,2.666667,,,,
5,-5,38,2.666667,,,,
5,-5,38,2.666667,,,,
5,-5,38,2.666667,,,,
5,-5,38,2.666667,,,,
5,-5,38,2.666667,,,,
5,-5,38,2.666667,,,,
5,-5,38,2.666667,,,,
5,-5,38,2.666667,,,,
5,-5,38,2.666667,,,,
5,-5,38,2.666667,,,,
5,-5,38,2.666667,,,,
5,-5,38,2.666667,,,,
5,-5,38,2.666667,,,,
5,-5,38,2.666667,,,,
5,-5,38,2.666667,,,,
5,-5,38,2.666667,,,,
5,-5,38,2.666667,,,,
5,-5,38,2.666667,,,,
5,-5,38,2.666667,,,,
5,-5,38,2.666667,,,,
5,-5,38,2.666667,,,,
5,-5,38,2.666667,,,,
5,-5,38,2.666667,,,,
5,-5,38,2.666667,,,,
5,-5,38,2.666667,,,,
5,-5,38,2.666667,,,,
5,-5,38,2.666667,,,,
5,-5,38,2.666667,,,,
5,-5,38,2.666667,,,,
5,-5,37,2.722222,,,,
5,-5,37,2.722222,,,,
5,-5,37,2.722222,,,,
5,-5,37,2.722222,,,,
5,-5,37,2.722222,,,,
5,-5,37,2.722222,,,,
5,-5,37,2.722222,,,,
5,-5,37,2.722222,,,,
5,-5,37,2.722222,,,,
5,-5,37,2.722222,,,,
5,-5,37,2.722222,,,,
5,-5,37,2.722222,,,,
5,-5,37,2.722222,,,,
5,-5,37,2.722222,,,,
5,-5,37,2.722222,,,,
5,-5,37,2.722222,,,,
5,-5,37,2.722222,,,,
5,-5,37,2.722222,,,,
5,-5,37,2.722222,,,,
5,-5,37,2.722222,,,,
5,-5,37,2.722222,,,,
5,-5,37,2.722222,,,,
5,-5,37,2.722222,,,,
5,-5,37,2.722222,,,,
5,-5,37,2.722222,,,,
5,-5,37,2.722222,,,,
5,-5,37,2.722222,,,,
5,-5,37,2.722222,,,,
5,-5,37,2.722222,,,,
5,-5,37,2.777778,,,,
5,-5,37,2.777778,,,,
5,-5,37,2.777778,,,,
5,-5,37,2.777778,,,,
5,-5,37,2.777778,,,,
5,-5,37,2.777778,,,,
5,-5,37,2.777778,,,,
5,-5,37,2.777778,,,,
5,-5,37,2.777778,,,,
5,-5,37,2.777778,,,,
5,-5,37,2.777778,,,,
5,-5,37,2.777778,,,,
5,-5,37,2.777778,,,,
5,-5,37,2.777778,,,,
5,-5,37,2.777778,,,,
5,-5,37,2.777778,,,,
5,-5,37,2.777778,,,,
5,-5,37,2.777778,,,,
5,-5,37,2.777778,,,,
5,-5,37,2.777778,,,,
5,-5,37,2.777778,,,,
5,-5,37,2.777778,,,,
5,-5,37,2.777778,,,,
5,-5,37,2.777778,,,,
5,-5,37,2.777778,,,,
5,-5,37,2.777778,,,,
5,-5,37,2.777778,,,,
5,-5,37,2.777778,,,,
5,-5,37,2.777778,,,,
5,-5,37,2.777778,,,,
5,-5,37,2.777778,,,,
5,-5,37,2.777778,,,,
5,-5,37,2.777778,,,,
5,-5,37,2.777778,,,,
5,-5,37,2.777778,,,,
5,-5,37,2.777778,,,,
5,-5,36,2.777778,,,,
5,-5,36,2.777778,,,,
5,-5,36,2.888889,,,,
5,-5,36,2.888889,,,,
5,-5,36,2.888889,,,,
5,-5,36,2.888889,,,,
5,-5,36,2.888889,,,,
5,-5,36,2.888889,,,,
5,-5,36,2.888889,,,,
5,-5,36,2.888889,,,,
5,-5,36,2.888889,,,,
5,-5,36,2.888889,,,,
5,-5,36,2.888889,,,,
5,-5,36,2.888889,,,,
5,-5,36,2.888889,,,,
5,-5,36,2.888889,,,,
5,-5,36,2.888889,,,,
5,-5,36,2.888889,,,,
5,-5,36,2.888889,,,,
5,-5,36,2.888889,,,,
5,-5,36,2.888889,,,,
5,-5,36,2.888889,,,,
5,-5,36,2.888889,,,,
5,-5,36,2.888889,,,,
5,-5,36,2.888889,,,,
5,-5,36,2.888889,,,,
5,-5,36,2.888889,,,,
5,-5,36,2.888889,,,,
5,-5,36,2.888889,,,,
5,-5,36,2.888889,,,,
5,-5,36,2.888889,,,,
5,-5,36,2.888889,,,,
5,-5,36,2.888889,,,,
5,-5,36,2.888889,,,,
5,-5,36,2.888889,,,,
5,-5,36,2.944445,,,,
5,-5,36,2.944445,,,,
5,-5,36,2.944445,,,,
5,-5,36,2.944445,,,,
5,-5,36,2.944445,,,,
5,-5,36,2.944445,,,,
5,-5,36,2.944445,,,,
5,-5,36,2.944445,,,,
5,-5,36,2.944445,,,,
5,-5,36,2.944445,,,,
5,-5,36,2.944445,,,,
5,-5,36,2.944445,,,,
5,-5,36,2.944445,,,,
5,-5,36,2.944445,,,,
5,-5,36,2.944445,,,,
5,-5,36,2.944445,,,,
5,-5,36,2.944445,,,,
5,-5,36,2.944445,,,,
5,-5,36,2.944445,,,,
5,-5,36,2.944445,,,,
5,-5,36,2.944445,,,,
5,-5,36,2.944445,,,,
5,-5,36,2.944445,,,,
5,-5,36,2.944445,,,,
5,-5,36,2.944445,,,,
5,-5,36,2.944445,,,,
5,-5,36,2.944445,,,,
5,-5,36,2.944445,,,,
5,-5,36,2.944445,,,,
5,-5,36,2.944445,,,,
5,-5,36,2.944445,,,,
5,-5,36,2.944445,,,,
5,-5,36,2.944445,,,,
5,-5,36,2.944445,,,,
5,-5,36,2.944445,,,,
5,-5,36,2.944445,,,,
5,-5,35,2.944445,,,,
5,-5,35,2.944445,,,,
5,-5,35,2.944445,,,,
5,-5,35,2.944445,,,,
5,-5,35,2.944445,,,,
5,-5,35,2.944445,,,,
5,-5,35,2.944445,,,,
5,-5,35,3.055556,,,,
5,-5,35,3.055556,,,,
5,-5,35,3.055556,,,,
5,-5,35,3.055556,,,,
5,-5,35,3.055556,,,,
5,-5,35,3.055556,,,,
5,-5,35,3.055556,,,,
5,-5,35,3.055556,,,,
5,-5,35,3.055556,,,,
5,-5,35,3.055556,,,,
5,-5,35,3.055556,,,,
5,-5,35,3.055556,,,,
5,-5,35,3.055556,,,,
5,-5,35,3.055556,,,,
5,-5,35,3.055556,,,,
5,-5,35,3.055556,,,,
5,-5,35,3.055556,,,,
5,-5,35,3.055556,,,,
5,-5,35,3.055556,,,,
5,-5,35,3.055556,,,,
5,-5,35,3.055556,,,,
5,-5,35,3.055556,,,,
5,-5,35,3.055556,,,,
5,-5,35,3.055556,,,,
5,-5,35,3.055556,,,,
5,-5,35,3.055556,,,,
5,-5,35,3.055556,,,,
5,-5,35,3.055556,,,,
5,-5,35,3.055556,,,,
5,-5,35,3.055556,,,,
5,-5,35,3.055556,,,,
5,-5,35,3.055556,,,,
5,-5,35,3.055556,,,,
5,-5,35,3.055556,,,,
5,-5,35,3.055556,,,,
5,-5,35,3.055556,,,,
5,-5,35,3.055556,,,,
5,-5,35,3.055556,,,,
5,-5,35,3.055556,,,,
5,-5,35,3.111111,,,,
5,-5,35,3.111111,,,,
5,-5,35,3.111111,,,,
5,-5,35,3.111111,,,,
5,-5,35,3.111111,,,,
5,-5,35,3.111111,,,,
5,-5,35,3.111111,,,,
5,-5,35,3.111111,,,,
5,-5,35,3.111111,,,,
5,-5,35,3.111111,,,,
5,-5,35,3.111111,,,,
5,-5,35,3.111111,,,,
5,-5,35,3.111111,,,,
5,-5,35,3.111111,,,,
5,-5,35,3.111111,,,,
5,-5,35,3.111111,,,,
5,-5,35,3.111111,,,,
5,-5,35,3.111111,,,,
5,-5,35,3.111111,,,,
5,-5,35,3.111111,,,,
5,-5,35,3.111111,,,,
5,-5,35,3.111111,,,,
5,-5,34,3.111111,,,,
5,-5,34,3.111111,,,,
5,-5,34,3.111111,,,,
5,-5,34,3.111111,,,,
5,-5,34,3.111111,,,,
5,-5,34,3.111111,,,,
5,-5,34,3.222222,,,,
5,-5,34,3.222222,,,,
5,-5,34,3.222222,,,,
5,-5,34,3.222222,,,,
5,-5,34,3.222222,,,,
5,-5,34,3.222222,,,,
5,-5,34,3.222222,,,,
5,-5,34,3.222222,,,,
5,-5,34,3.222222,,,,
5,-5,34,3.222222,,,,
5,-5,34,3.222222,,,,
5,-5,34,3.222222,,,,
5,-5,34,3.222222,,,,
5,-5,34,3.222222,,,,
5,-5,34,3.222222,,,,
5,-5,34,3.222222,,,,
5,-5,34,3.222222,,,,
5,-5,34,3.222222,,,,
5,-5,34,3.222222,,,,
5,-5,34,3.222222,,,,
5,-5,34,3.222222,,,,
5,-5,34,3.222222,,,,
5,-5,34,3.222222,,,,
5,-5,34,3.222222,,,,
5,-5,34,3.222222,,,,
5,-5,34,3.222222,,,,
5,-5,34,3.222222,,,,
5,-5,34,3.222222,,,,
5,-5,34,3.222222,,,,
5,-5,34,3.222222,,,,
5,-5,34,3.222222,,,,
5,-5,34,3.222222,,,,
5,-5,34,3.222222,,,,
5,-5,34,3.222222,,,,
5,-5,34,3.222222,,,,
5,-5,34,3.277778,,,,
5,-5,34,3.277778,,,,
5,-5,34,3.277778,,,,
5,-5,34,3.277778,,,,
5,-5,34,3.277778,,,,
5,-5,34,3.277778,,,,
5,-5,34,3.277778,,,,
5,-5,34,3.277778,,,,
5,-5,34,3.277778,,,,
5,-5,34,3.277778,,,,
5,-5,34,3.277778,,,,
5,-5,34,3.277778,,,,
5,-5,34,3.277778,,,,
5,-5,34,3.277778,,,,
5,-5,34,3.277778,,,,
5,-5,34,3.277778,,,,
5,-5,34,3.277778,,,,
5,-5,34,3.277778,,,,
5,-5,34,3.277778,,,,
5,-5,34,3.277778,,,,
5,-5,34,3.277778,,,,
5,-5,34,3.277778,,,,
5,-5,34,3.277778,,,,
5,-5,34,3.277778,,,,
5,-5,34,3.277778,,,,
5,-5,34,3.277778,,,,
5,-5,34,3.277778,,,,
5,-5,34,3.277778,,,,
5,-5,33,3.277778,,,,
5,-5,33,3.277778,,,,
5,-5,33,3.277778,,,,
5,-5,33,3.333334,,,,
5,-5,33,3.333334,,,,
5,-5,33,3.333334,,,,
5,-5,33,3.333334,,,,
5,-5,33,3.333334,,,,
5,-5,33,3.333334,,,,
5,-5,33,3.333334,,,,
5,-5,33,3.333334,,,,
5,-5,33,3.333334,,,,
5,-5,33,3.333334,,,,
5,-5,33,3.333334,,,,
5,-5,33,3.333334,,,,
5,-5,33,3.333334,,,,
5,-5,33,3.333334,,,,
5,-5,33,3.333334,,,,
5,-5,33,3.333334,,,,
5,-5,33,3.333334,,,,
5,-5,33,3.333334,,,,
5,-5,33,3.333334,,,,
5,-5,33,3.333334,,,,
5,-5,33,3.333334,,,,
5,-5,33,3.333334,,,,
5,-5,33,3.333334,,,,
5,-5,33,3.333334,,,,
5,-5,33,3.333334,,,,
5,-5,33,3.333334,,,,
5,-5,33,3.333334,,,,
5,-5,33,3.333334,,,,
5,-5,33,3.333334,,,,
5,-5,33,3.333334,,,,
5,-5,33,3.333334,,,,
5,-5,33,3.333334,,,,
5,-5,33,3.333334,,,,
5,-5,33,3.444445,,,,
5,-5,33,3.444445,,,,
5,-5,33,3.444445,,,,
5,-5,33,3.444445,,,,
5,-5,33,3.444445,,,,
5,-5,33,3.444445,,,,
5,-5,33,3.444445,,,,
5,-5,33,3.444445,,,,
5,-5,33,3.444445,,,,
5,-5,33,3.444445,,,,
5,-5,33,3.444445,,,,
5,-5,33,3.444445,,,,
5,-5,33,3.444445,,,,
5,-5,33,3.444445,,,,
5,-5,33,3.444445,,,,
5,-5,33,3.444445,,,,
5,-5,33,3.444445,,,,
5,-5,33,3.444445,,,,
5,-5,33,3.444445,,,,
5,-5,33,3.444445,,,,
5,-5,33,3.444445,,,,
5,-5,33,3.444445,,,,
5,-5,33,3.5,,,,
5,-5,33,3.5,,,,
5,-5,33,3.5,,,,
5,-5,33,3.5,,,,
5,-5,33,3.5,,,,
5,-5,33,3.5,,,,
5,-5,33,3.5,,,,
5,-5,33,3.5,,,,
5,-5,33,3.5,,,,
5,-5,33,3.5,,,,
5,-5,33,3.5,,,,
5,-5,33,3.5,,,,
5,-5,33,3.5,,,,
5,-5,32,3.5,,,,
5,-5,32,3.5,,,,
5,-5,32,3.5,,,,
5,-5,32,3.5,,,,
5,-5,32,3.5,,,,
5,-5,32,3.5,,,,
5,-5,32,3.5,,,,
5,-5,32,3.5,,,,
5,-5,32,3.5,,,,
5,-5,32,3.5,,,,
5,-5,32,3.5,,,,
5,-5,32,3.5,,,,
5,-5,32,3.5,,,,
5,-5,32,3.5,,,,
5,-5,32,3.5,,,,
5,-5,32,3.5,,,,
5,-5,32,3.5,,,,
5,-5,32,3.5,,,,
5,-5,32,3.5,,,,
5.263157895,-5.263157895,32,3.5,,,,
5.263157895,-5.263157895,32,3.5,,,,
5.263157895,-5.263157895,32,3.5,,,,
5.263157895,-5.263157895,32,3.5,,,,
5.263157895,-5.263157895,32,3.5,,,,
5.263157895,-5.263157895,32,3.5,,,,
5.263157895,-5.263157895,32,3.5,,,,
5.263157895,-5.263157895,32,3.5,,,,
5.263157895,-5.263157895,32,3.5,,,,
5.263157895,-5.263157895,32,3.5,,,,
5.263157895,-5.263157895,32,3.5,,,,
5.263157895,-5.263157895,32,3.611111,,,,
5.263157895,-5.263157895,32,3.611111,,,,
5.263157895,-5.263157895,32,3.611111,,,,
5.263157895,-5.263157895,32,3.611111,,,,
5.263157895,-5.263157895,32,3.611111,,,,
5.263157895,-5.263157895,32,3.611111,,,,
5.263157895,-5.263157895,32,3.611111,,,,
5.263157895,-5.263157895,32,3.611111,,,,
5.5,-5.5,32,3.611111,,,,
5.882352941,-5.882352941,32,3.611111,,,,
5.882352941,-5.882352941,32,3.611111,,,,
5.882352941,-5.882352941,32,3.611111,,,,
5.882352941,-5.882352941,32,3.611111,,,,
5.882352941,-5.882352941,32,3.611111,,,,
5.882352941,-5.882352941,32,3.611111,,,,
5.882352941,-5.882352941,32,3.611111,,,,
5.882352941,-5.882352941,32,3.611111,,,,
5.882352941,-5.882352941,32,3.611111,,,,
5.882352941,-5.882352941,32,3.611111,,,,
5.882352941,-5.882352941,32,3.611111,,,,
5.882352941,-5.882352941,32,3.611111,,,,
5.882352941,-5.882352941,32,3.611111,,,,
5.882352941,-5.882352941,32,3.611111,,,,
5.882352941,-5.882352941,32,3.611111,,,,
5.882352941,-5.882352941,32,3.611111,,,,
5.882352941,-5.882352941,32,3.611111,,,,
6,-6,32,3.611111,,,,
6,-6,32,3.611111,,,,
6,-6,32,3.611111,,,,
6,-6,32,3.611111,,,,
6,-6,32,3.611111,,,,
6,-6,32,3.611111,,,,
6,-6,32,3.611111,,,,
6,-6,32,3.611111,,,,
6,-6,31,3.666667,,,,
6,-6,31,3.666667,,,,
6,-6,31,3.666667,,,,
6,-6,31,3.666667,,,,
6,-6,31,3.666667,,,,
6,-6,31,3.666667,,,,
6,-6,31,3.666667,,,,
6,-6,31,3.666667,,,,
6,-6,31,3.666667,,,,
6,-6,31,3.666667,,,,
6,-6,31,3.666667,,,,
6,-6,31,3.666667,,,,
6,-6,31,3.666667,,,,
6,-6,31,3.666667,,,,
6,-6,31,3.666667,,,,
6,-6,31,3.666667,,,,
6,-6,31,3.666667,,,,
6,-6,31,3.666667,,,,
6,-6,31,3.666667,,,,
6,-6,31,3.666667,,,,
6,-6,31,3.666667,,,,
6,-6,31,3.666667,,,,
6,-6,31,3.666667,,,,
6,-6,31,3.666667,,,,
6,-6,31,3.777778,,,,
6,-6,31,3.777778,,,,
6,-6,31,3.777778,,,,
6,-6,31,3.777778,,,,
6,-6,31,3.777778,,,,
6,-6,31,3.777778,,,,
6,-6,31,3.777778,,,,
6,-6,31,3.777778,,,,
6,-6,31,3.777778,,,,
6,-6,31,3.777778,,,,
6,-6,31,3.777778,,,,
6,-6,31,3.777778,,,,
6,-6,31,3.777778,,,,
6,-6,31,3.777778,,,,
6,-6,31,3.777778,,,,
6,-6,31,3.777778,,,,
6,-6,31,3.777778,,,,
6,-6,31,3.777778,,,,
6,-6,31,3.777778,,,,
6,-6,31,3.777778,,,,
6,-6,31,3.777778,,,,
6,-6,31,3.777778,,,,
6,-6,31,3.777778,,,,
6,-6,31,3.777778,,,,
6,-6,31,3.777778,,,,
6,-6,31,3.777778,,,,
6,-6,31,3.777778,,,,
6,-6,31,3.777778,,,,
6,-6,31,3.833334,,,,
6,-6,31,3.833334,,,,
6,-6,31,3.833334,,,,
6,-6,31,3.833334,,,,
6,-6,31,3.833334,,,,
6,-6,31,3.833334,,,,
6,-6,31,3.833334,,,,
6,-6,31,3.833334,,,,
6,-6,31,3.833334,,,,
6,-6,31,3.833334,,,,
6,-6,31,3.833334,,,,
6,-6,31,3.833334,,,,
6,-6,30,3.833334,,,,
6,-6,30,3.833334,,,,
6,-6,30,3.833334,,,,
6,-6,30,3.833334,,,,
6,-6,30,3.833334,,,,
6,-6,30,3.833334,,,,
6,-6,30,3.833334,,,,
6,-6,30,3.833334,,,,
6,-6,30,3.833334,,,,
6,-6,30,3.833334,,,,
6,-6,30,3.833334,,,,
6,-6,30,3.833334,,,,
6,-6,30,3.833334,,,,
6,-6,30,3.833334,,,,
6,-6,30,3.833334,,,,
6,-6,30,3.833334,,,,
6,-6,30,3.833334,,,,
6,-6,30,3.833334,,,,
6,-6,30,3.833334,,,,
6,-6,30,3.833334,,,,
6,-6,30,3.833334,,,,
6,-6,30,3.833334,,,,
6,-6,30,3.833334,,,,
6,-6,30,3.833334,,,,
6,-6,30,3.833334,,,,
6,-6,30,3.833334,,,,
6,-6,30,3.833334,,,,
6,-6,30,3.833334,,,,
6,-6,30,3.833334,,,,
6,-6,30,3.833334,,,,
6,-6,30,3.944445,,,,
6,-6,30,3.944445,,,,
6,-6,30,3.944445,,,,
6,-6,30,3.944445,,,,
6,-6,30,3.944445,,,,
6,-6,30,3.944445,,,,
6,-6,30,3.944445,,,,
6,-6,30,3.944445,,,,
6,-6,30,3.944445,,,,
6,-6,30,3.944445,,,,
6,-6,30,3.944445,,,,
6,-6,30,3.944445,,,,
6,-6,30,3.944445,,,,
6,-6,30,3.944445,,,,
6,-6,30,3.944445,,,,
6,-6,30,3.944445,,,,
6,-6,30,3.944445,,,,
6,-6,30,3.944445,,,,
6,-6,30,3.944445,,,,
6,-6,30,3.944445,,,,
6,-6,30,3.944445,,,,
6,-6,30,3.944445,,,,
6,-6,30,3.944445,,,,
6,-6,30,3.944445,,,,
6,-6,30,3.944445,,,,
6,-6,30,4,,,,
6,-6,30,4,,,,
6,-6,30,4,,,,
6,-6,30,4,,,,
6,-6,30,4,,,,
6,-6,30,4,,,,
6,-6,30,4,,,,
6,-6,30,4,,,,
6,-6,30,4,,,,
6,-6,30,4,,,,
6,-6,30,4,,,,
6,-6,30,4,,,,
6,-6,30,4,,,,
6,-6,30,4,,,,
6,-6,30,4,,,,
6,-6,29,4,,,,
6,-6,29,4,,,,
6,-6,29,4,,,,
6,-6,29,4,,,,
6,-6,29,4,,,,
6,-6,29,4,,,,
6,-6,29,4,,,,
6,-6,29,4,,,,
6,-6,29,4,,,,
6,-6,29,4,,,,
6,-6,29,4,,,,
6,-6,29,4,,,,
6,-6,29,4.027778,,,,
6,-6,29,4.055556,,,,
6,-6,29,4.055556,,,,
6,-6,29,4.055556,,,,
6,-6,29,4.055556,,,,
6,-6,29,4.055556,,,,
6,-6,29,4.055556,,,,
6,-6,29,4.055556,,,,
6,-6,29,4.055556,,,,
6,-6,29,4.055556,,,,
6,-6,29,4.055556,,,,
6,-6,29,4.055556,,,,
6,-6,29,4.055556,,,,
6,-6,29,4.055556,,,,
6,-6,29,4.055556,,,,
6,-6,29,4.055556,,,,
6,-6,29,4.055556,,,,
6,-6,29,4.055556,,,,
6,-6,29,4.055556,,,,
6,-6,29,4.055556,,,,
6,-6,29,4.055556,,,,
6,-6,29,4.055556,,,,
6,-6,29,4.055556,,,,
6,-6,29,4.055556,,,,
6,-6,29,4.055556,,,,
6,-6,29,4.055556,,,,
6,-6,29,4.055556,,,,
6,-6,29,4.055556,,,,
6,-6,29,4.055556,,,,
6,-6,29,4.055556,,,,
6,-6,29,4.055556,,,,
6,-6,29,4.055556,,,,
6,-6,29,4.166667,,,,
6,-6,29,4.166667,,,,
6,-6,29,4.166667,,,,
6,-6,29,4.166667,,,,
6,-6,29,4.166667,,,,
6,-6,29,4.166667,,,,
6,-6,29,4.166667,,,,
6,-6,29,4.166667,,,,
6,-6,29,4.166667,,,,
6,-6,29,4.166667,,,,
6,-6,29,4.166667,,,,
6,-6,29,4.166667,,,,
6,-6,29,4.166667,,,,
6,-6,29,4.166667,,,,
6,-6,29,4.166667,,,,
6,-6,29,4.166667,,,,
6,-6,29,4.166667,,,,
6,-6,29,4.166667,,,,
6,-6,29,4.166667,,,,
6,-6,29,4.166667,,,,
6,-6,29,4.166667,,,,
6,-6,29,4.166667,,,,
6,-6,29,4.166667,,,,
6,-6,29,4.166667,,,,
6,-6,29,4.166667,,,,
6,-6,29,4.166667,,,,
6,-6,29,4.166667,,,,
6,-6,29,4.166667,,,,
6,-6,29,4.166667,,,,
6,-6,29,4.166667,,,,
6,-6,29,4.166667,,,,
6,-6,29,4.166667,,,,
6,-6,29,4.166667,,,,
6,-6,29,4.166667,,,,
6,-6,29,4.222223,,,,
6,-6,29,4.222223,,,,
6,-6,29,4.222223,,,,
6,-6,29,4.222223,,,,
6,-6,29,4.222223,,,,
6,-6,28,4.222223,,,,
6,-6,28,4.222223,,,,
6,-6,28,4.222223,,,,
6,-6,28,4.222223,,,,
6,-6,28,4.222223,,,,
6,-6,28,4.222223,,,,
6,-6,28,4.222223,,,,
6,-6,28,4.222223,,,,
6,-6,28,4.222223,,,,
6,-6,28,4.222223,,,,
6,-6,28,4.222223,,,,
6,-6,28,4.222223,,,,
6,-6,28,4.222223,,,,
6,-6,28,4.222223,,,,
6,-6,28,4.222223,,,,
6,-6,28,4.222223,,,,
6,-6,28,4.222223,,,,
6,-6,28,4.222223,,,,
6,-6,28,4.222223,,,,
6,-6,28,4.222223,,,,
6,-6,28,4.222223,,,,
6,-6,28,4.222223,,,,
6,-6,28,4.222223,,,,
6,-6,28,4.222223,,,,
6,-6,28,4.222223,,,,
6,-6,28,4.222223,,,,
6,-6,28,4.222223,,,,
6,-6,28,4.222223,,,,
6,-6,28,4.222223,,,,
6,-6,28,4.333334,,,,
6,-6,28,4.333334,,,,
6,-6,28,4.333334,,,,
6,-6,28,4.333334,,,,
6,-6,28,4.333334,,,,
6,-6,28,4.333334,,,,
6,-6,28,4.333334,,,,
6,-6,28,4.333334,,,,
6,-6,28,4.333334,,,,
6,-6,28,4.333334,,,,
6,-6,28,4.333334,,,,
6,-6,28,4.333334,,,,
6,-6,28,4.333334,,,,
6,-6,28,4.333334,,,,
6,-6,28,4.333334,,,,
6,-6,28,4.333334,,,,
6,-6,28,4.333334,,,,
6,-6,28,4.333334,,,,
6,-6,28,4.333334,,,,
6,-6,28,4.333334,,,,
6,-6,28,4.333334,,,,
6,-6,28,4.333334,,,,
6,-6,28,4.333334,,,,
6,-6,28,4.333334,,,,
6,-6,28,4.333334,,,,
6,-6,28,4.333334,,,,
6,-6,28,4.333334,,,,
6,-6,28,4.333334,,,,
6,-6,28,4.333334,,,,
6,-6,28,4.388889,,,,
6,-6,28,4.388889,,,,
6,-6,28,4.388889,,,,
6,-6,28,4.388889,,,,
6,-6,28,4.388889,,,,
6,-6,28,4.388889,,,,
6,-6,28,4.388889,,,,
6,-6,28,4.388889,,,,
6,-6,28,4.388889,,,,
6,-6,28,4.388889,,,,
6,-6,28,4.388889,,,,
6,-6,28,4.388889,,,,
6,-6,28,4.388889,,,,
6,-6,28,4.388889,,,,
6,-6,28,4.388889,,,,
6,-6,28,4.388889,,,,
6,-6,28,4.388889,,,,
6,-6,28,4.388889,,,,
6,-6,28,4.388889,,,,
6,-6,28,4.388889,,,,
6,-6,28,4.388889,,,,
6,-6,28,4.388889,,,,
6,-6,28,4.388889,,,,
6,-6,28,4.388889,,,,
6,-6,28,4.388889,,,,
6,-6,28,4.388889,,,,
6,-6,28,4.388889,,,,
6,-6,28,4.388889,,,,
6,-6,27,4.388889,,,,
6,-6,27,4.388889,,,,
6,-6,27,4.388889,,,,
6,-6,27,4.388889,,,,
6,-6,27,4.388889,,,,
6,-6,27,4.388889,,,,
6,-6,27,4.5,,,,
6,-6,27,4.5,,,,
6,-6,27,4.5,,,,
6,-6,27,4.5,,,,
6,-6,27,4.5,,,,
6,-6,27,4.5,,,,
6,-6,27,4.5,,,,
6,-6,27,4.5,,,,
6,-6,27,4.5,,,,
6,-6,27,4.5,,,,
6,-6,27,4.5,,,,
6,-6,27,4.5,,,,
6,-6,27,4.5,,,,
6,-6,27,4.5,,,,
6,-6,27,4.5,,,,
6,-6,27,4.5,,,,
6,-6,27,4.5,,,,
6,-6,27,4.5,,,,
6,-6,27,4.5,,,,
6,-6,27,4.5,,,,
6,-6,27,4.5,,,,
6,-6,27,4.5,,,,
6,-6,27,4.5,,,,
6,-6,27,4.5,,,,
6,-6,27,4.5,,,,
6,-6,27,4.5,,,,
6,-6,27,4.5,,,,
6,-6,27,4.5,,,,
6,-6,27,4.5,,,,
6,-6,27,4.5,,,,
6,-6,27,4.5,,,,
6,-6,27,4.5,,,,
6,-6,27,4.5,,,,
6,-6,27,4.5,,,,
6,-6,27,4.5,,,,
6,-6,27,4.5,,,,
6,-6,27,4.5,,,,
6,-6,27,4.5,,,,
6,-6,27,4.555556,,,,
6,-6,27,4.555556,,,,
6,-6,27,4.555556,,,,
6,-6,27,4.555556,,,,
6,-6,27,4.555556,,,,
6,-6,27,4.555556,,,,
6,-6,27,4.555556,,,,
6,-6,27,4.555556,,,,
6,-6,27,4.555556,,,,
6,-6,27,4.555556,,,,
6,-6,27,4.555556,,,,
6,-6,27,4.555556,,,,
6,-6,27,4.555556,,,,
6,-6,27,4.555556,,,,
6,-6,27,4.555556,,,,
6,-6,27,4.555556,,,,
6,-6,27,4.555556,,,,
6,-6,27,4.555556,,,,
6,-6,27,4.555556,,,,
6,-6,27,4.555556,,,,
6,-6,27,4.555556,,,,
6,-6,27,4.555556,,,,
6,-6,27,4.555556,,,,
6,-6,27,4.555556,,,,
6,-6,27,4.555556,,,,
6,-6,27,4.555556,,,,
6,-6,27,4.555556,,,,
6,-6,27,4.555556,,,,
6,-6,27,4.555556,,,,
6,-6,27,4.555556,,,,
6,-6,27,4.555556,,,,
6,-6,27,4.611111,,,,
6,-6,27,4.611111,,,,
6,-6,27,4.611111,,,,
6,-6,27,4.611111,,,,
6,-6,27,4.611111,,,,
6,-6,27,4.611111,,,,
6,-6,27,4.611111,,,,
6,-6,27,4.611111,,,,
6,-6,27,4.611111,,,,
6,-6,27,4.611111,,,,
6,-6,27,4.611111,,,,
6,-6,27,4.611111,,,,
6,-6,27,4.611111,,,,
6,-6,27,4.611111,,,,
6,-6,27,4.611111,,,,
6,-6,27,4.611111,,,,
6,-6,27,4.611111,,,,
6,-6,27,4.611111,,,,
6,-6,27,4.611111,,,,
6,-6,27,4.611111,,,,
6,-6,27,4.611111,,,,
6,-6,27,4.611111,,,,
6,-6,27,4.611111,,,,
6,-6,27,4.611111,,,,
6,-6,27,4.611111,,,,
6,-6,26,4.611111,,,,
6,-6,26,4.611111,,,,
6,-6,26,4.611111,,,,
6,-6,26,4.611111,,,,
6,-6,26,4.611111,,,,
6,-6,26,4.611111,,,,
6,-6,26,4.611111,,,,
6,-6,26,4.611111,,,,
6,-6,26,4.611111,,,,
6,-6,26,4.611111,,,,
6,-6,26,4.611111,,,,
6,-6,26,4.611111,,,,
6,-6,26,4.722223,,,,
6,-6,26,4.722223,,,,
6,-6,26,4.722223,,,,
6,-6,26,4.722223,,,,
6,-6,26,4.722223,,,,
6,-6,26,4.722223,,,,
6,-6,26,4.722223,,,,
6,-6,26,4.722223,,,,
6,-6,26,4.722223,,,,
6,-6,26,4.722223,,,,
6,-6,26,4.722223,,,,
6,-6,26,4.722223,,,,
6,-6,26,4.722223,,,,
6,-6,26,4.722223,,,,
6,-6,26,4.722223,,,,
6,-6,26,4.722223,,,,
6,-6,26,4.722223,,,,
6,-6,26,4.722223,,,,
6,-6,26,4.722223,,,,
6,-6,26,4.722223,,,,
6,-6,26,4.722223,,,,
6,-6,26,4.722223,,,,
6,-6,26,4.722223,,,,
6,-6,26,4.722223,,,,
6,-6,26,4.722223,,,,
6,-6,26,4.722223,,,,
6,-6,26,4.722223,,,,
6,-6,26,4.722223,,,,
6,-6,26,4.722223,,,,
6,-6,26,4.722223,,,,
6,-6,26,4.722223,,,,
6,-6,26,4.722223,,,,
6,-6,26,4.722223,,,,
6,-6,26,4.722223,,,,
6,-6,26,4.777778,,,,
6,-6,26,4.777778,,,,
6,-6,26,4.777778,,,,
6,-6,26,4.777778,,,,
6,-6,26,4.777778,,,,
6,-6,26,4.777778,,,,
6,-6,26,4.777778,,,,
6,-6,26,4.777778,,,,
6,-6,26,4.777778,,,,
6,-6,26,4.777778,,,,
6,-6,26,4.777778,,,,
6,-6,26,4.777778,,,,
6,-6,26,4.777778,,,,
6,-6,26,4.777778,,,,
6,-6,26,4.777778,,,,
6,-6,26,4.777778,,,,
6,-6,26,4.777778,,,,
6,-6,26,4.777778,,,,
6,-6,26,4.777778,,,,
6,-6,26,4.777778,,,,
6,-6,26,4.777778,,,,
6,-6,26,4.777778,,,,
6,-6,26,4.777778,,,,
6,-6,26,4.777778,,,,
6,-6,26,4.777778,,,,
6,-6,26,4.777778,,,,
6,-6,26,4.777778,,,,
6,-6,26,4.777778,,,,
6,-6,26,4.777778,,,,
6,-6,26,4.777778,,,,
6,-6,26,4.777778,,,,
6,-6,26,4.777778,,,,
6,-6,26,4.777778,,,,
6,-6,26,4.777778,,,,
6,-6,26,4.777778,,,,
6,-6,26,4.777778,,,,
6,-6,26,4.777778,,,,
6,-6,26,4.777778,,,,
6,-6,26,4.777778,,,,
6,-6,26,4.777778,,,,
6,-6,26,4.777778,,,,
6,-6,26,4.777778,,,,
6,-6,26,4.777778,,,,
6,-6,26,4.777778,,,,
6,-6,26,4.777778,,,,
6,-6,26,4.777778,,,,
6,-6,26,4.777778,,,,
6,-6,26,4.777778,,,,
6,-6,26,4.777778,,,,
6,-6,26,4.888889,,,,
6,-6,26,4.888889,,,,
6,-6,26,4.888889,,,,
6,-6,26,4.888889,,,,
6,-6,26,4.888889,,,,
6,-6,26,4.888889,,,,
6,-6,26,4.888889,,,,
6,-6,26,4.888889,,,,
6,-6,26,4.888889,,,,
6,-6,26,4.888889,,,,
6,-6,26,4.888889,,,,
6,-6,26,4.888889,,,,
6,-6,26,4.888889,,,,
6,-6,26,4.888889,,,,
6,-6,26,4.888889,,,,
6,-6,26,4.888889,,,,
6.363636364,-6.363636364,26,4.888889,,,,
6.5,-6.5,26,4.888889,,,,
7,-7,26,4.888889,,,,
7,-7,26,4.888889,,,,
7,-7,26,4.888889,,,,
7,-7,26,4.888889,,,,
7,-7,26,4.888889,,,,
7,-7,26,4.888889,,,,
7,-7,26,4.888889,,,,
7,-7,26,4.888889,,,,
7,-7,26,4.888889,,,,
7,-7,26,4.888889,,,,
7,-7,26,4.888889,,,,
7,-7,26,4.888889,,,,
7,-7,26,4.888889,,,,
7,-7,26,4.888889,,,,
7,-7,26,4.888889,,,,
7,-7,26,4.888889,,,,
7,-7,26,4.944445,,,,
7,-7,26,4.944445,,,,
7,-7,26,4.944445,,,,
7,-7,26,4.944445,,,,
7,-7,25,4.944445,,,,
7,-7,25,4.944445,,,,
7,-7,25,4.944445,,,,
7,-7,25,4.944445,,,,
7,-7,25,4.944445,,,,
7,-7,25,4.944445,,,,
7,-7,25,4.944445,,,,
7,-7,25,4.944445,,,,
7,-7,25,4.944445,,,,
7,-7,25,4.944445,,,,
7,-7,25,4.944445,,,,
7,-7,25,4.944445,,,,
7,-7,25,4.944445,,,,
7,-7,25,4.944445,,,,
7,-7,25,4.944445,,,,
7,-7,25,4.944445,,,,
7,-7,25,4.944445,,,,
7,-7,25,4.944445,,,,
7,-7,25,4.944445,,,,
7,-7,25,4.944445,,,,
7,-7,25,4.944445,,,,
7,-7,25,4.944445,,,,
7,-7,25,4.944445,,,,
7,-7,25,4.944445,,,,
7,-7,25,4.944445,,,,
7,-7,25,4.944445,,,,
7,-7,25,4.944445,,,,
7,-7,25,4.944445,,,,
7,-7,25,4.944445,,,,
7,-7,25,5.055556,,,,
7,-7,25,5.055556,,,,
7,-7,25,5.055556,,,,
7,-7,25,5.055556,,,,
7,-7,25,5.055556,,,,
7,-7,25,5.055556,,,,
7,-7,25,5.055556,,,,
7,-7,25,5.055556,,,,
7,-7,25,5.055556,,,,
7,-7,25,5.055556,,,,
7,-7,25,5.055556,,,,
7,-7,25,5.055556,,,,
7,-7,25,5.055556,,,,
7,-7,25,5.055556,,,,
7,-7,25,5.055556,,,,
7,-7,25,5.055556,,,,
7,-7,25,5.055556,,,,
7,-7,25,5.055556,,,,
7,-7,25,5.055556,,,,
7,-7,25,5.055556,,,,
7,-7,25,5.055556,,,,
7,-7,25,5.055556,,,,
7,-7,25,5.055556,,,,
7,-7,25,5.055556,,,,
7,-7,25,5.055556,,,,
7,-7,25,5.055556,,,,
7,-7,25,5.055556,,,,
7,-7,25,5.055556,,,,
7,-7,25,5.055556,,,,
7,-7,25,5.055556,,,,
7,-7,25,5.055556,,,,
7,-7,25,5.055556,,,,
7,-7,25,5.055556,,,,
7,-7,25,5.055556,,,,
7,-7,25,5.055556,,,,
7,-7,25,5.055556,,,,
7,-7,25,5.111112,,,,
7,-7,25,5.111112,,,,
7,-7,25,5.111112,,,,
7,-7,25,5.111112,,,,
7,-7,25,5.111112,,,,
7,-7,25,5.111112,,,,
7,-7,25,5.111112,,,,
7,-7,25,5.111112,,,,
7,-7,25,5.111112,,,,
7,-7,25,5.111112,,,,
7,-7,25,5.111112,,,,
7,-7,25,5.111112,,,,
7,-7,25,5.111112,,,,
7,-7,25,5.111112,,,,
7,-7,25,5.111112,,,,
7,-7,25,5.111112,,,,
7,-7,25,5.111112,,,,
7,-7,25,5.111112,,,,
7,-7,25,5.111112,,,,
7,-7,25,5.111112,,,,
7,-7,25,5.111112,,,,
7,-7,25,5.111112,,,,
7,-7,25,5.111112,,,,
7,-7,25,5.111112,,,,
7,-7,25,5.111112,,,,
7,-7,25,5.111112,,,,
7,-7,25,5.111112,,,,
7,-7,25,5.111112,,,,
7,-7,25,5.111112,,,,
7,-7,25,5.166667,,,,
7,-7,25,5.166667,,,,
7,-7,25,5.166667,,,,
7,-7,25,5.166667,,,,
7,-7,25,5.166667,,,,
7,-7,25,5.166667,,,,
7,-7,25,5.166667,,,,
7,-7,25,5.166667,,,,
7,-7,25,5.166667,,,,
7,-7,25,5.166667,,,,
7,-7,25,5.166667,,,,
7,-7,25,5.166667,,,,
7,-7,25,5.166667,,,,
7,-7,25,5.166667,,,,
7,-7,25,5.166667,,,,
7,-7,25,5.166667,,,,
7,-7,25,5.166667,,,,
7,-7,25,5.166667,,,,
7,-7,25,5.166667,,,,
7,-7,25,5.166667,,,,
7,-7,25,5.166667,,,,
7,-7,25,5.166667,,,,
7,-7,25,5.166667,,,,
7,-7,25,5.166667,,,,
7,-7,25,5.166667,,,,
7,-7,25,5.166667,,,,
7,-7,25,5.166667,,,,
7,-7,25,5.166667,,,,
7,-7,25,5.166667,,,,
7,-7,25,5.166667,,,,
7,-7,25,5.166667,,,,
7,-7,25,5.166667,,,,
7,-7,25,5.277778,,,,
7,-7,25,5.277778,,,,
7,-7,25,5.277778,,,,
7,-7,25,5.277778,,,,
7,-7,25,5.277778,,,,
7,-7,25,5.277778,,,,
7,-7,25,5.277778,,,,
7,-7,25,5.277778,,,,
7,-7,25,5.277778,,,,
7,-7,25,5.277778,,,,
7,-7,25,5.277778,,,,
7,-7,25,5.277778,,,,
7,-7,25,5.277778,,,,
7,-7,25,5.277778,,,,
7,-7,25,5.277778,,,,
7,-7,25,5.277778,,,,
7,-7,25,5.277778,,,,
7,-7,25,5.277778,,,,
7,-7,25,5.277778,,,,
7,-7,25,5.277778,,,,
7,-7,25,5.277778,,,,
7,-7,25,5.277778,,,,
7,-7,25,5.277778,,,,
7,-7,25,5.277778,,,,
7,-7,25,5.277778,,,,
7,-7,25,5.277778,,,,
7,-7,25,5.277778,,,,
7,-7,25,5.277778,,,,
7,-7,25,5.277778,,,,
7,-7,25,5.277778,,,,
7,-7,25,5.277778,,,,
7,-7,25,5.277778,,,,
7,-7,25,5.277778,,,,
7,-7,25,5.277778,,,,
7,-7,25,5.277778,,,,
7,-7,25,5.277778,,,,
7,-7,24,5.277778,,,,
7,-7,24,5.277778,,,,
7,-7,24,5.333334,,,,
7,-7,24,5.333334,,,,
7,-7,24,5.333334,,,,
7,-7,24,5.333334,,,,
7,-7,24,5.333334,,,,
7,-7,24,5.333334,,,,
7,-7,24,5.333334,,,,
7,-7,24,5.333334,,,,
7,-7,24,5.333334,,,,
7,-7,24,5.333334,,,,
7,-7,24,5.333334,,,,
7,-7,24,5.333334,,,,
7,-7,24,5.333334,,,,
7,-7,24,5.333334,,,,
7,-7,24,5.333334,,,,
7,-7,24,5.333334,,,,
7,-7,24,5.333334,,,,
7,-7,24,5.333334,,,,
7,-7,24,5.333334,,,,
7,-7,24,5.333334,,,,
7,-7,24,5.333334,,,,
7,-7,24,5.333334,,,,
7,-7,24,5.333334,,,,
7,-7,24,5.333334,,,,
7,-7,24,5.333334,,,,
7,-7,24,5.333334,,,,
7,-7,24,5.333334,,,,
7,-7,24,5.333334,,,,
7,-7,24,5.333334,,,,
7,-7,24,5.333334,,,,
7,-7,24,5.333334,,,,
7,-7,24,5.333334,,,,
7,-7,24,5.333334,,,,
7,-7,24,5.333334,,,,
7,-7,24,5.333334,,,,
7,-7,24,5.333334,,,,
7,-7,24,5.333334,,,,
7,-7,24,5.333334,,,,
7,-7,24,5.333334,,,,
7,-7,24,5.333334,,,,
7,-7,24,5.333334,,,,
7,-7,24,5.333334,,,,
7,-7,24,5.333334,,,,
7,-7,24,5.333334,,,,
7,-7,24,5.333334,,,,
7,-7,24,5.333334,,,,
7,-7,24,5.333334,,,,
7,-7,24,5.444445,,,,
7,-7,24,5.444445,,,,
7,-7,24,5.444445,,,,
7,-7,24,5.444445,,,,
7,-7,24,5.444445,,,,
7,-7,24,5.444445,,,,
7,-7,24,5.444445,,,,
7,-7,24,5.444445,,,,
7,-7,24,5.444445,,,,
7,-7,24,5.444445,,,,
7,-7,24,5.444445,,,,
7,-7,24,5.444445,,,,
7,-7,24,5.444445,,,,
7,-7,24,5.444445,,,,
7,-7,24,5.444445,,,,
7,-7,24,5.444445,,,,
7,-7,24,5.444445,,,,
7,-7,24,5.444445,,,,
7,-7,24,5.444445,,,,
7,-7,24,5.444445,,,,
7,-7,24,5.444445,,,,
7,-7,24,5.444445,,,,
7,-7,24,5.444445,,,,
7,-7,24,5.444445,,,,
7,-7,24,5.444445,,,,
7,-7,24,5.444445,,,,
7,-7,24,5.444445,,,,
7,-7,24,5.444445,,,,
7,-7,24,5.444445,,,,
7,-7,24,5.444445,,,,
7,-7,24,5.444445,,,,
7,-7,24,5.444445,,,,
7,-7,24,5.444445,,,,
7,-7,24,5.444445,,,,
7,-7,24,5.444445,,,,
7,-7,24,5.444445,,,,
7,-7,24,5.444445,,,,
7,-7,24,5.444445,,,,
7,-7,24,5.444445,,,,
7,-7,24,5.5,,,,
7,-7,24,5.5,,,,
7,-7,24,5.5,,,,
7,-7,24,5.5,,,,
7,-7,24,5.5,,,,
7,-7,24,5.5,,,,
7,-7,24,5.5,,,,
7,-7,24,5.5,,,,
7,-7,24,5.5,,,,
7.5,-7.5,24,5.5,,,,
7.727272727,-7.727272727,24,5.5,,,,
8,-8,24,5.5,,,,
8,-8,24,5.5,,,,
8,-8,24,5.5,,,,
8,-8,24,5.5,,,,
8,-8,24,5.5,,,,
8,-8,24,5.5,,,,
8,-8,24,5.5,,,,
8,-8,24,5.5,,,,
8,-8,24,5.5,,,,
8,-8,24,5.5,,,,
8,-8,24,5.5,,,,
8,-8,24,5.5,,,,
8,-8,24,5.5,,,,
8,-8,24,5.5,,,,
8,-8,24,5.5,,,,
8,-8,24,5.5,,,,
8,-8,24,5.5,,,,
8,-8,24,5.5,,,,
8,-8,24,5.611112,,,,
8,-8,24,5.611112,,,,
8,-8,24,5.611112,,,,
8,-8,24,5.611112,,,,
8,-8,24,5.611112,,,,
8,-8,24,5.611112,,,,
8,-8,24,5.611112,,,,
8,-8,24,5.611112,,,,
8,-8,24,5.611112,,,,
8,-8,24,5.611112,,,,
8,-8,24,5.611112,,,,
8,-8,24,5.611112,,,,
8,-8,24,5.611112,,,,
8,-8,24,5.611112,,,,
8,-8,24,5.611112,,,,
8,-8,24,5.611112,,,,
8,-8,24,5.611112,,,,
8,-8,24,5.611112,,,,
8,-8,24,5.611112,,,,
8,-8,24,5.611112,,,,
8,-8,24,5.611112,,,,
8,-8,24,5.611112,,,,
8,-8,24,5.611112,,,,
8,-8,24,5.611112,,,,
8,-8,24,5.611112,,,,
8,-8,24,5.611112,,,,
8,-8,24,5.611112,,,,
8,-8,24,5.611112,,,,
8,-8,24,5.611112,,,,
8,-8,24,5.611112,,,,
8,-8,24,5.611112,,,,
8,-8,24,5.611112,,,,
8,-8,24,5.611112,,,,
8,-8,24,5.611112,,,,
8,-8,24,5.611112,,,,
8,-8,24,5.666667,,,,
8,-8,24,5.666667,,,,
8,-8,24,5.666667,,,,
8,-8,24,5.666667,,,,
8,-8,24,5.666667,,,,
8,-8,24,5.666667,,,,
8,-8,24,5.666667,,,,
8,-8,24,5.666667,,,,
8,-8,24,5.666667,,,,
8,-8,24,5.666667,,,,
8,-8,24,5.666667,,,,
8,-8,24,5.666667,,,,
8,-8,24,5.666667,,,,
8,-8,24,5.666667,,,,
8,-8,24,5.666667,,,,
8,-8,24,5.666667,,,,
8,-8,24,5.666667,,,,
8,-8,24,5.666667,,,,
8,-8,24,5.666667,,,,
8,-8,24,5.666667,,,,
8,-8,24,5.666667,,,,
8,-8,24,5.666667,,,,
8,-8,24,5.666667,,,,
8,-8,24,5.666667,,,,
8,-8,24,5.666667,,,,
8,-8,24,5.666667,,,,
8,-8,24,5.666667,,,,
8,-8,24,5.666667,,,,
8,-8,24,5.666667,,,,
8,-8,24,5.666667,,,,
8,-8,24,5.666667,,,,
8,-8,24,5.666667,,,,
8,-8,24,5.666667,,,,
8,-8,24,5.666667,,,,
8,-8,24,5.666667,,,,
8,-8,24,5.666667,,,,
8,-8,24,5.666667,,,,
8,-8,24,5.666667,,,,
8,-8,24,5.666667,,,,
8,-8,24,5.666667,,,,
8,-8,24,5.722223,,,,
8,-8,24,5.722223,,,,
8,-8,24,5.722223,,,,
8,-8,24,5.722223,,,,
8,-8,24,5.722223,,,,
8,-8,24,5.722223,,,,
8,-8,24,5.722223,,,,
8,-8,24,5.722223,,,,
8,-8,24,5.722223,,,,
8,-8,24,5.722223,,,,
8,-8,23,5.722223,,,,
8,-8,23,5.722223,,,,
8,-8,23,5.722223,,,,
8,-8,23,5.722223,,,,
8,-8,23,5.722223,,,,
8,-8,23,5.722223,,,,
8,-8,23,5.722223,,,,
8,-8,23,5.722223,,,,
8,-8,23,5.722223,,,,
8,-8,23,5.722223,,,,
8,-8,23,5.722223,,,,
8,-8,23,5.722223,,,,
8,-8,23,5.722223,,,,
8,-8,23,5.722223,,,,
8,-8,23,5.722223,,,,
8,-8,23,5.722223,,,,
8,-8,23,5.722223,,,,
8,-8,23,5.722223,,,,
8,-8,23,5.722223,,,,
8,-8,23,5.722223,,,,
8,-8,23,5.833334,,,,
8,-8,23,5.833334,,,,
8,-8,23,5.833334,,,,
8,-8,23,5.833334,,,,
8,-8,23,5.833334,,,,
8,-8,23,5.833334,,,,
8,-8,23,5.833334,,,,
8,-8,23,5.833334,,,,
8,-8,23,5.833334,,,,
8,-8,23,5.833334,,,,
8,-8,23,5.833334,,,,
8,-8,23,5.833334,,,,
8,-8,23,5.833334,,,,
8,-8,23,5.833334,,,,
8,-8,23,5.833334,,,,
8,-8,23,5.833334,,,,
8,-8,23,5.833334,,,,
8,-8,23,5.833334,,,,
8,-8,23,5.833334,,,,
8,-8,23,5.833334,,,,
8,-8,23,5.833334,,,,
8,-8,23,5.833334,,,,
8,-8,23,5.833334,,,,
8,-8,23,5.833334,,,,
8,-8,23,5.833334,,,,
8,-8,23,5.833334,,,,
8,-8,23,5.833334,,,,
8,-8,23,5.833334,,,,
8,-8,23,5.833334,,,,
8,-8,23,5.833334,,,,
9,-9,23,5.833334,,,,
9,-9,23,5.833334,,,,
9,-9,23,5.833334,,,,
9,-9,23,5.833334,,,,
9,-9,23,5.833334,,,,
9,-9,23,5.833334,,,,
9,-9,23,5.888889,,,,
9,-9,23,5.888889,,,,
9,-9,23,5.888889,,,,
9,-9,23,5.888889,,,,
9,-9,23,5.888889,,,,
9,-9,23,5.888889,,,,
9,-9,23,5.888889,,,,
9,-9,23,5.888889,,,,
9,-9,23,5.888889,,,,
9,-9,23,5.888889,,,,
9,-9,23,5.888889,,,,
9,-9,23,5.888889,,,,
9,-9,23,5.888889,,,,
9,-9,23,5.888889,,,,
9,-9,23,5.888889,,,,
9,-9,23,5.888889,,,,
9,-9,23,5.888889,,,,
9,-9,23,5.888889,,,,
9,-9,23,5.888889,,,,
9,-9,23,5.888889,,,,
9,-9,23,5.888889,,,,
9,-9,23,5.888889,,,,
9,-9,23,5.888889,,,,
9,-9,23,5.888889,,,,
9,-9,23,5.888889,,,,
9,-9,23,5.888889,,,,
9,-9,23,5.888889,,,,
9,-9,23,5.888889,,,,
9,-9,23,5.888889,,,,
9,-9,23,5.888889,,,,
9,-9,23,5.888889,,,,
9,-9,23,5.888889,,,,
9,-9,23,5.888889,,,,
9,-9,23,5.888889,,,,
9,-9,23,5.888889,,,,
9,-9,23,5.888889,,,,
9,-9,23,5.888889,,,,
9,-9,23,5.888889,,,,
9,-9,23,5.888889,,,,
9,-9,23,5.888889,,,,
9,-9,23,6,,,,
9,-9,23,6,,,,
9,-9,23,6,,,,
9,-9,23,6,,,,
9,-9,23,6,,,,
9,-9,23,6,,,,
9,-9,23,6,,,,
9,-9,23,6,,,,
9,-9,23,6,,,,
9,-9,23,6,,,,
9,-9,23,6,,,,
9,-9,23,6,,,,
9,-9,23,6,,,,
9,-9,23,6,,,,
9,-9,23,6,,,,
9,-9,23,6,,,,
9,-9,23,6,,,,
9,-9,23,6,,,,
9,-9,23,6,,,,
9,-9,23,6,,,,
9,-9,23,6,,,,
9,-9,23,6,,,,
9,-9,23,6,,,,
9,-9,23,6,,,,
9,-9,23,6,,,,
9,-9,23,6,,,,
9,-9,23,6,,,,
9,-9,23,6.055556,,,,
9,-9,23,6.055556,,,,
9,-9,23,6.055556,,,,
9,-9,23,6.055556,,,,
9,-9,23,6.055556,,,,
9,-9,23,6.055556,,,,
9,-9,23,6.055556,,,,
9,-9,23,6.055556,,,,
9,-9,23,6.055556,,,,
9,-9,23,6.055556,,,,
9,-9,23,6.055556,,,,
9,-9,23,6.055556,,,,
9,-9,23,6.055556,,,,
9,-9,23,6.055556,,,,
9,-9,23,6.055556,,,,
9,-9,23,6.055556,,,,
9,-9,23,6.055556,,,,
9,-9,23,6.055556,,,,
9,-9,23,6.055556,,,,
9,-9,23,6.055556,,,,
9,-9,23,6.055556,,,,
9,-9,23,6.055556,,,,
9,-9,23,6.055556,,,,
9,-9,23,6.055556,,,,
9.090909091,-9.090909091,23,6.055556,,,,
10,-10,23,6.055556,,,,
10,-10,23,6.055556,,,,
10,-10,23,6.055556,,,,
10,-10,23,6.055556,,,,
10,-10,23,6.055556,,,,
10,-10,23,6.055556,,,,
10,-10,23,6.055556,,,,
10,-10,23,6.055556,,,,
10,-10,23,6.055556,,,,
10,-10,23,6.055556,,,,
10,-10,23,6.055556,,,,
10,-10,22.5,6.055556,,,,
10,-10,22,6.055556,,,,
10,-10,22,6.166667,,,,
10,-10,22,6.166667,,,,
10,-10,22,6.166667,,,,
10,-10,22,6.166667,,,,
10,-10,22,6.166667,,,,
10,-10,22,6.166667,,,,
10,-10,22,6.166667,,,,
10,-10,22,6.166667,,,,
10,-10,22,6.166667,,,,
10,-10,22,6.166667,,,,
10,-10,22,6.166667,,,,
10,-10,22,6.166667,,,,
10,-10,22,6.166667,,,,
10,-10,22,6.166667,,,,
10,-10,22,6.166667,,,,
10,-10,22,6.166667,,,,
10,-10,22,6.166667,,,,
10,-10,22,6.166667,,,,
10,-10,22,6.166667,,,,
10,-10,22,6.166667,,,,
10,-10,22,6.166667,,,,
10,-10,22,6.166667,,,,
10,-10,22,6.166667,,,,
10,-10,22,6.166667,,,,
10,-10,22,6.166667,,,,
10,-10,22,6.166667,,,,
10,-10,22,6.166667,,,,
10,-10,22,6.166667,,,,
10,-10,22,6.166667,,,,
10,-10,22,6.166667,,,,
10,-10,22,6.166667,,,,
10,-10,22,6.166667,,,,
10,-10,22,6.166667,,,,
10,-10,22,6.166667,,,,
10,-10,22,6.166667,,,,
10,-10,22,6.166667,,,,
10,-10,22,6.166667,,,,
10,-10,22,6.166667,,,,
10,-10,22,6.166667,,,,
10,-10,22,6.166667,,,,
10,-10,22,6.166667,,,,
10,-10,22,6.166667,,,,
10,-10,22,6.166667,,,,
10,-10,22,6.166667,,,,
10,-10,22,6.166667,,,,
10,-10,22,6.166667,,,,
10,-10,22,6.166667,,,,
10,-10,22,6.166667,,,,
10,-10,22,6.166667,,,,
10,-10,22,6.166667,,,,
10,-10,22,6.166667,,,,
10,-10,22,6.166667,,,,
10,-10,22,6.222223,,,,
10,-10,22,6.222223,,,,
10,-10,22,6.222223,,,,
10,-10,22,6.222223,,,,
10,-10,22,6.222223,,,,
10,-10,22,6.222223,,,,
10,-10,22,6.222223,,,,
10,-10,22,6.222223,,,,
10,-10,22,6.222223,,,,
10,-10,22,6.222223,,,,
10,-10,22,6.222223,,,,
10,-10,22,6.222223,,,,
10,-10,22,6.222223,,,,
10,-10,22,6.222223,,,,
10,-10,22,6.222223,,,,
10,-10,22,6.222223,,,,
10,-10,22,6.222223,,,,
10,-10,22,6.222223,,,,
10,-10,22,6.222223,,,,
10,-10,22,6.222223,,,,
10,-10,22,6.222223,,,,
10,-10,22,6.222223,,,,
10,-10,22,6.222223,,,,
10,-10,22,6.222223,,,,
10,-10,22,6.222223,,,,
10,-10,22,6.222223,,,,
10,-10,22,6.222223,,,,
10,-10,22,6.222223,,,,
10,-10,22,6.222223,,,,
10,-10,22,6.222223,,,,
10,-10,22,6.222223,,,,
10,-10,22,6.222223,,,,
10,-10,22,6.222223,,,,
10,-10,22,6.222223,,,,
10,-10,22,6.222223,,,,
10,-10,22,6.222223,,,,
10,-10,22,6.222223,,,,
10,-10,22,6.222223,,,,
10,-10,22,6.222223,,,,
10,-10,22,6.277778,,,,
10,-10,22,6.277778,,,,
10,-10,22,6.277778,,,,
10,-10,22,6.277778,,,,
10,-10,22,6.277778,,,,
10,-10,22,6.277778,,,,
10,-10,22,6.277778,,,,
10,-10,22,6.277778,,,,
10,-10,22,6.277778,,,,
10.45454545,-10.45454545,22,6.277778,,,,
11,-11,22,6.277778,,,,
11,-11,22,6.277778,,,,
11,-11,22,6.277778,,,,
11,-11,22,6.277778,,,,
11,-11,22,6.277778,,,,
11,-11,22,6.277778,,,,
11,-11,22,6.277778,,,,
11,-11,22,6.277778,,,,
11,-11,22,6.277778,,,,
11,-11,22,6.277778,,,,
11,-11,22,6.277778,,,,
11,-11,22,6.277778,,,,
11,-11,22,6.277778,,,,
11,-11,22,6.277778,,,,
11,-11,22,6.277778,,,,
11,-11,22,6.277778,,,,
11,-11,22,6.277778,,,,
11,-11,22,6.277778,,,,
11,-11,22,6.277778,,,,
11,-11,22,6.277778,,,,
11,-11,22,6.277778,,,,
11,-11,22,6.277778,,,,
11,-11,22,6.277778,,,,
11,-11,22,6.277778,,,,
11,-11,22,6.277778,,,,
11,-11,22,6.277778,,,,
11,-11,22,6.277778,,,,
11,-11,22,6.388889,,,,
11,-11,22,6.388889,,,,
11,-11,22,6.388889,,,,
11,-11,22,6.388889,,,,
11,-11,22,6.388889,,,,
11,-11,22,6.388889,,,,
11,-11,22,6.388889,,,,
11,-11,22,6.388889,,,,
11,-11,22,6.388889,,,,
11,-11,22,6.388889,,,,
11,-11,22,6.388889,,,,
11,-11,22,6.388889,,,,
11,-11,21,6.388889,,,,
11,-11,21,6.388889,,,,
11,-11,21,6.388889,,,,
11,-11,21,6.388889,,,,
11,-11,21,6.388889,,,,
11,-11,21,6.388889,,,,
11,-11,21,6.388889,,,,
11,-11,21,6.388889,,,,
11,-11,21,6.388889,,,,
11,-11,21,6.388889,,,,
11,-11,21,6.388889,,,,
11,-11,21,6.388889,,,,
11,-11,21,6.388889,,,,
11,-11,21,6.388889,,,,
11,-11,21,6.388889,,,,
11,-11,21,6.388889,,,,
11,-11,21,6.388889,,,,
11,-11,21,6.388889,,,,
11,-11,21,6.388889,,,,
11,-11,21,6.388889,,,,
11,-11,21,6.444445,,,,
11,-11,21,6.444445,,,,
11,-11,21,6.444445,,,,
11,-11,21,6.444445,,,,
11,-11,21,6.444445,,,,
11,-11,21,6.444445,,,,
11,-11,21,6.444445,,,,
11,-11,21,6.444445,,,,
11,-11,21,6.444445,,,,
11,-11,21,6.444445,,,,
11,-11,21,6.444445,,,,
11,-11,21,6.444445,,,,
11,-11,21,6.444445,,,,
11,-11,21,6.444445,,,,
11,-11,21,6.444445,,,,
11,-11,21,6.444445,,,,
11,-11,21,6.444445,,,,
11,-11,21,6.444445,,,,
11,-11,21,6.444445,,,,
11,-11,21,6.444445,,,,
11,-11,21,6.444445,,,,
11,-11,21,6.444445,,,,
11,-11,21,6.444445,,,,
11,-11,21,6.444445,,,,
11,-11,21,6.444445,,,,
11,-11,21,6.444445,,,,
11,-11,21,6.444445,,,,
11,-11,21,6.444445,,,,
11,-11,21,6.444445,,,,
11,-11,21,6.444445,,,,
11,-11,21,6.444445,,,,
11,-11,21,6.444445,,,,
11,-11,21,6.555556,,,,
11,-11,21,6.555556,,,,
11,-11,21,6.555556,,,,
11,-11,21,6.555556,,,,
11,-11,21,6.555556,,,,
11,-11,21,6.555556,,,,
11,-11,21,6.555556,,,,
11,-11,21,6.555556,,,,
11,-11,21,6.555556,,,,
11,-11,21,6.555556,,,,
11,-11,21,6.555556,,,,
11,-11,21,6.555556,,,,
11,-11,21,6.555556,,,,
11,-11,21,6.555556,,,,
11,-11,21,6.555556,,,,
11,-11,21,6.555556,,,,
11,-11,21,6.555556,,,,
11,-11,21,6.555556,,,,
11,-11,21,6.555556,,,,
11,-11,21,6.555556,,,,
11,-11,21,6.555556,,,,
11,-11,21,6.555556,,,,
11,-11,21,6.555556,,,,
11,-11,21,6.555556,,,,
11,-11,21,6.555556,,,,
11,-11,21,6.555556,,,,
11,-11,21,6.555556,,,,
11,-11,21,6.555556,,,,
11,-11,21,6.555556,,,,
11,-11,21,6.555556,,,,
11,-11,21,6.555556,,,,
11,-11,21,6.555556,,,,
11,-11,21,6.555556,,,,
11,-11,21,6.555556,,,,
11,-11,21,6.555556,,,,
11,-11,21,6.555556,,,,
11,-11,21,6.555556,,,,
11,-11,21,6.555556,,,,
11,-11,21,6.555556,,,,
11,-11,21,6.611112,,,,
11,-11,21,6.611112,,,,
11,-11,21,6.611112,,,,
11,-11,21,6.611112,,,,
11,-11,21,6.611112,,,,
11,-11,21,6.611112,,,,
11,-11,21,6.611112,,,,
11,-11,21,6.611112,,,,
11,-11,21,6.611112,,,,
11,-11,21,6.611112,,,,
11,-11,21,6.611112,,,,
11,-11,21,6.611112,,,,
11,-11,21,6.611112,,,,
11,-11,21,6.611112,,,,
11,-11,21,6.611112,,,,
11,-11,21,6.611112,,,,
11,-11,21,6.611112,,,,
11,-11,21,6.611112,,,,
11,-11,20,6.611112,,,,
11,-11,20,6.611112,,,,
11,-11,20,6.611112,,,,
11,-11,20,6.611112,,,,
11,-11,20,6.611112,,,,
11,-11,20,6.611112,,,,
11,-11,20,6.611112,,,,
11,-11,20,6.611112,,,,
11,-11,20,6.722223,,,,
11,-11,20,6.722223,,,,
11,-11,20,6.722223,,,,
11,-11,20,6.722223,,,,
11,-11,20,6.722223,,,,
11,-11,20,6.722223,,,,
11,-11,20,6.722223,,,,
11,-11,20,6.722223,,,,
11,-11,20,6.722223,,,,
11,-11,20,6.722223,,,,
11,-11,20,6.722223,,,,
11,-11,20,6.722223,,,,
11,-11,20,6.722223,,,,
11,-11,20,6.722223,,,,
11,-11,20,6.722223,,,,
11,-11,20,6.722223,,,,
11,-11,20,6.722223,,,,
11,-11,20,6.722223,,,,
11,-11,20,6.722223,,,,
11,-11,20,6.722223,,,,
11,-11,20,6.722223,,,,
11,-11,20,6.722223,,,,
11,-11,20,6.722223,,,,
11,-11,20,6.722223,,,,
11,-11,20,6.722223,,,,
11,-11,20,6.722223,,,,
11,-11,20,6.722223,,,,
11,-11,20,6.722223,,,,
11,-11,20,6.722223,,,,
11,-11,20,6.722223,,,,
11,-11,20,6.722223,,,,
11,-11,20,6.722223,,,,
11,-11,20,6.722223,,,,
11,-11,20,6.722223,,,,
11,-11,20,6.722223,,,,
11,-11,20,6.722223,,,,
11,-11,20,6.722223,,,,
11,-11,20,6.722223,,,,
11,-11,20,6.722223,,,,
11,-11,20,6.777778,,,,
11,-11,20,6.777778,,,,
11,-11,20,6.777778,,,,
11,-11,20,6.777778,,,,
11,-11,20,6.777778,,,,
11,-11,20,6.777778,,,,
11,-11,20,6.777778,,,,
11,-11,20,6.777778,,,,
11,-11,20,6.777778,,,,
11,-11,20,6.777778,,,,
11,-11,20,6.777778,,,,
11,-11,20,6.777778,,,,
11.81818182,-11.81818182,20,6.777778,,,,
12,-12,20,6.777778,,,,
12,-12,20,6.777778,,,,
12,-12,20,6.777778,,,,
12,-12,20,6.777778,,,,
12,-12,20,6.777778,,,,
12,-12,20,6.777778,,,,
12,-12,20,6.777778,,,,
12,-12,20,6.777778,,,,
12,-12,20,6.777778,,,,
12,-12,20,6.777778,,,,
12,-12,20,6.777778,,,,
12,-12,20,6.777778,,,,
12,-12,20,6.833334,,,,
12,-12,20,6.833334,,,,
12,-12,20,6.833334,,,,
12,-12,20,6.833334,,,,
12,-12,20,6.833334,,,,
12,-12,19,6.833334,,,,
12,-12,19,6.833334,,,,
12,-12,19,6.833334,,,,
12,-12,19,6.833334,,,,
12,-12,19,6.833334,,,,
12,-12,19,6.833334,,,,
12,-12,19,6.833334,,,,
12,-12,19,6.833334,,,,
12,-12,19,6.833334,,,,
12,-12,19,6.833334,,,,
12,-12,19,6.833334,,,,
12,-12,19,6.833334,,,,
12,-12,19,6.833334,,,,
12,-12,19,6.833334,,,,
12,-12,19,6.833334,,,,
12,-12,19,6.833334,,,,
12,-12,19,6.833334,,,,
12,-12,19,6.833334,,,,
12,-12,19,6.833334,,,,
12,-12,19,6.833334,,,,
12,-12,19,6.833334,,,,
12,-12,19,6.833334,,,,
12,-12,19,6.833334,,,,
12,-12,19,6.833334,,,,
12,-12,19,6.833334,,,,
12,-12,19,6.833334,,,,
12,-12,19,6.833334,,,,
12,-12,19,6.833334,,,,
12,-12,19,6.833334,,,,
12,-12,19,6.833334,,,,
12,-12,19,6.833334,,,,
12,-12,19,6.944445,,,,
12,-12,19,6.944445,,,,
12,-12,19,6.944445,,,,
12,-12,19,6.944445,,,,
12,-12,19,6.944445,,,,
12,-12,19,6.944445,,,,
12,-12,19,6.944445,,,,
12,-12,19,6.944445,,,,
12,-12,19,6.944445,,,,
12,-12,19,6.944445,,,,
12,-12,19,6.944445,,,,
12,-12,19,6.944445,,,,
12,-12,19,6.944445,,,,
12,-12,19,6.944445,,,,
12,-12,19,6.944445,,,,
12,-12,19,6.944445,,,,
12,-12,19,6.944445,,,,
12,-12,19,6.944445,,,,
12,-12,19,6.944445,,,,
12,-12,19,6.944445,,,,
12,-12,19,6.944445,,,,
12,-12,19,6.944445,,,,
12,-12,19,6.944445,,,,
12,-12,19,6.944445,,,,
12,-12,19,6.944445,,,,
12,-12,19,6.944445,,,,
12,-12,19,6.944445,,,,
12,-12,19,6.944445,,,,
12,-12,19,6.944445,,,,
12,-12,19,6.944445,,,,
12,-12,18,6.944445,,,,
12,-12,18,6.944445,,,,
12,-12,18,6.944445,,,,
12,-12,18,7.000001,,,,
12,-12,18,7.000001,,,,
12,-12,18,7.000001,,,,
12,-12,18,7.000001,,,,
12,-12,18,7.000001,,,,
12,-12,18,7.000001,,,,
12,-12,18,7.000001,,,,
12,-12,18,7.000001,,,,
12,-12,18,7.000001,,,,
12,-12,18,7.000001,,,,
12,-12,18,7.000001,,,,
12,-12,18,7.000001,,,,
12,-12,18,7.000001,,,,
12,-12,18,7.000001,,,,
12,-12,18,7.000001,,,,
12,-12,18,7.000001,,,,
12,-12,18,7.000001,,,,
12,-12,18,7.000001,,,,
12,-12,18,7.000001,,,,
12,-12,18,7.000001,,,,
12,-12,18,7.000001,,,,
12,-12,18,7.000001,,,,
12,-12,18,7.000001,,,,
12,-12,18,7.000001,,,,
12,-12,18,7.000001,,,,
12,-12,18,7.000001,,,,
12,-12,18,7.000001,,,,
12,-12,18,7.000001,,,,
12,-12,18,7.000001,,,,
12,-12,18,7.000001,,,,
12,-12,18,7.000001,,,,
12,-12,18,7.000001,,,,
12,-12,18,7.000001,,,,
12,-12,18,7.000001,,,,
12,-12,18,7.000001,,,,
12,-12,18,7.000001,,,,
12,-12,18,7.000001,,,,
12,-12,18,7.000001,,,,
12,-12,18,7.000001,,,,
12,-12,18,7.000001,,,,
12,-12,18,7.000001,,,,
12,-12,18,7.000001,,,,
12,-12,18,7.111112,,,,
12,-12,18,7.111112,,,,
12,-12,18,7.111112,,,,
12,-12,18,7.111112,,,,
12,-12,18,7.111112,,,,
12,-12,18,7.111112,,,,
12,-12,18,7.111112,,,,
12,-12,18,7.111112,,,,
12,-12,18,7.111112,,,,
12,-12,18,7.111112,,,,
12,-12,18,7.111112,,,,
12,-12,18,7.111112,,,,
12,-12,17,7.111112,,,,
12,-12,17,7.111112,,,,
12,-12,17,7.111112,,,,
12,-12,17,7.111112,,,,
12,-12,17,7.111112,,,,
12,-12,17,7.111112,,,,
12,-12,17,7.111112,,,,
12,-12,17,7.111112,,,,
12,-12,17,7.111112,,,,
12,-12,17,7.111112,,,,
12,-12,17,7.111112,,,,
12,-12,17,7.111112,,,,
12,-12,17,7.111112,,,,
12,-12,17,7.111112,,,,
12,-12,17,7.111112,,,,
12,-12,17,7.111112,,,,
12,-12,17,7.111112,,,,
12,-12,17,7.111112,,,,
12,-12,17,7.111112,,,,
12,-12,17,7.111112,,,,
12,-12,17,7.111112,,,,
12,-12,17,7.111112,,,,
12,-12,17,7.111112,,,,
12,-12,17,7.111112,,,,
12,-12,17,7.111112,,,,
12,-12,17,7.111112,,,,
12,-12,17,7.111112,,,,
12,-12,17,7.111112,,,,
12,-12,17,7.166667,,,,
12,-12,17,7.166667,,,,
12,-12,17,7.166667,,,,
12,-12,17,7.166667,,,,
12,-12,17,7.166667,,,,
12,-12,17,7.166667,,,,
12,-12,17,7.166667,,,,
12,-12,17,7.166667,,,,
12,-12,17,7.166667,,,,
12,-12,17,7.166667,,,,
12,-12,17,7.166667,,,,
12,-12,16,7.166667,,,,
12,-12,16,7.166667,,,,
12,-12,16,7.166667,,,,
12,-12,16,7.166667,,,,
12,-12,16,7.166667,,,,
12,-12,16,7.166667,,,,
12,-12,16,7.166667,,,,
12,-12,16,7.166667,,,,
12,-12,16,7.166667,,,,
12,-12,16,7.166667,,,,
12,-12,16,7.166667,,,,
12,-12,16,7.166667,,,,
12,-12,16,7.166667,,,,
12,-12,16,7.166667,,,,
12,-12,16,7.166667,,,,
12,-12,16,7.166667,,,,
12,-12,16,7.166667,,,,
12,-12,16,7.166667,,,,
12,-12,16,7.166667,,,,
12,-12,16,7.166667,,,,
12,-12,16,7.166667,,,,
12,-12,16,7.166667,,,,
12,-12,16,7.166667,,,,
12,-12,16,7.166667,,,,
12,-12,16,7.277778,,,,
12,-12,16,7.277778,,,,
12,-12,16,7.277778,,,,
12,-12,16,7.277778,,,,
12,-12,16,7.277778,,,,
12,-12,16,7.277778,,,,
12,-12,16,7.277778,,,,
12,-12,16,7.277778,,,,
12,-12,15,7.277778,,,,
12,-12,15,7.277778,,,,
12,-12,15,7.277778,,,,
12,-12,15,7.277778,,,,
12,-12,15,7.277778,,,,
12,-12,15,7.277778,,,,
12,-12,15,7.277778,,,,
12,-12,15,7.277778,,,,
12,-12,15,7.277778,,,,
12,-12,15,7.277778,,,,
12,-12,15,7.277778,,,,
12,-12,15,7.277778,,,,
12,-12,15,7.277778,,,,
12,-12,15,7.277778,,,,
12,-12,15,7.277778,,,,
12,-12,15,7.277778,,,,
12,-12,15,7.277778,,,,
12,-12,15,7.277778,,,,
12,-12,15,7.277778,,,,
12,-12,15,7.277778,,,,
12,-12,15,7.277778,,,,
12,-12,15,7.277778,,,,
12,-12,15,7.277778,,,,
12,-12,15,7.277778,,,,
12,-12,15,7.277778,,,,
12,-12,15,7.277778,,,,
12,-12,15,7.333334,,,,
12,-12,15,7.333334,,,,
12,-12,14,7.333334,,,,
12,-12,14,7.333334,,,,
12,-12,14,7.333334,,,,
12,-12,14,7.333334,,,,
12,-12,14,7.333334,,,,
12,-12,14,7.333334,,,,
12,-12,14,7.333334,,,,
12,-12,14,7.333334,,,,
12,-12,14,7.333334,,,,
12,-12,14,7.333334,,,,
12,-12,14,7.333334,,,,
12,-12,14,7.333334,,,,
12,-12,14,7.333334,,,,
12,-12,14,7.333334,,,,
12,-12,14,7.333334,,,,
12,-12,14,7.333334,,,,
12,-12,14,7.333334,,,,
12,-12,13,7.333334,,,,
12,-12,13,7.333334,,,,
12,-12,13,7.333334,,,,
12,-12,13,7.333334,,,,
12,-12,13,7.333334,,,,
12,-12,13,7.333334,,,,
12,-12,13,7.333334,,,,
12,-12,13,7.333334,,,,
12,-12,13,7.333334,,,,
12,-12,13,7.333334,,,,
12,-12,13,7.333334,,,,
12,-12,13,7.333334,,,,
12,-12,13,7.444445,,,,
12,-12,13,7.444445,,,,
12,-12,13,7.444445,,,,
12,-12,13,7.444445,,,,
12,-12,13,7.444445,,,,
12,-12,13,7.444445,,,,
12,-12,13,7.444445,,,,
12,-12,13,7.444445,,,,
12,-12,13,7.444445,,,,
12,-12,13,7.444445,,,,
12,-12,13,7.444445,,,,
12,-12,13,7.444445,,,,
12,-12,12,7.444445,,,,
12,-12,12,7.444445,,,,
12,-12,12,7.444445,,,,
12,-12,12,7.444445,,,,
12,-12,12,7.444445,,,,
12,-12,12,7.444445,,,,
12,-12,12,7.444445,,,,
12,-12,12,7.444445,,,,
12,-12,12,7.444445,,,,
12,-12,12,7.444445,,,,
12,-12,12,7.444445,,,,
12,-12,12,7.444445,,,,
12,-12,12,7.444445,,,,
12,-12,12,7.444445,,,,
12,-12,12,7.444445,,,,
12,-12,12,7.444445,,,,
12,-12,12,7.444445,,,,
12,-12,12,7.444445,,,,
12,-12,12,7.444445,,,,
12,-12,12,7.444445,,,,
12,-12,12,7.444445,,,,
12,-12,12,7.444445,,,,
12,-12,12,7.444445,,,,
12,-12,12,7.444445,,,,
12,-12,12,7.444445,,,,
12,-12,12,7.444445,,,,
12,-12,12,7.444445,,,,
12,-12,12,7.444445,,,,
12,-12,12,7.444445,,,,
12,-12,12,7.500001,,,,
12,-12,12,7.500001,,,,
12,-12,11,7.500001,,,,
12,-12,11,7.500001,,,,
12,-12,11,7.500001,,,,
12,-12,11,7.500001,,,,
12,-12,11,7.500001,,,,
12,-12,11,7.500001,,,,
12,-12,11,7.500001,,,,
12,-12,11,7.500001,,,,
12,-12,11,7.500001,,,,
12,-12,11,7.500001,,,,
12,-12,11,7.500001,,,,
12,-12,11,7.500001,,,,
12,-12,11,7.500001,,,,
12,-12,11,7.500001,,,,
12,-12,11,7.500001,,,,
12,-12,11,7.500001,,,,
12,-12,11,7.500001,,,,
12,-12,11,7.500001,,,,
12,-12,11,7.500001,,,,
12,-12,11,7.500001,,,,
12,-12,11,7.500001,,,,
12,-12,11,7.500001,,,,
12,-12,11,7.500001,,,,
12,-12,11,7.500001,,,,
12,-12,11,7.500001,,,,
12,-12,11,7.500001,,,,
12.5,-12.5,11,7.500001,,,,
13,-13,11,7.500001,,,,
13,-13,11,7.500001,,,,
13,-13,11,7.500001,,,,
13,-13,11,7.500001,,,,
13,-13,11,7.500001,,,,
13,-13,11,7.500001,,,,
13,-13,11,7.500001,,,,
13,-13,11,7.500001,,,,
13,-13,10,7.500001,,,,
13,-13,10,7.500001,,,,
13,-13,10,7.500001,,,,
13,-13,10,7.500001,,,,
13,-13,10,7.500001,,,,
13,-13,10,7.500001,,,,
13,-13,10,7.611112,,,,
13,-13,10,7.611112,,,,
13,-13,10,7.611112,,,,
13,-13,10,7.611112,,,,
13,-13,10,7.611112,,,,
13,-13,10,7.611112,,,,
13,-13,10,7.611112,,,,
13,-13,10,7.611112,,,,
13,-13,10,7.611112,,,,
13,-13,10,7.611112,,,,
13,-13,10,7.611112,,,,
13,-13,10,7.611112,,,,
13,-13,10,7.611112,,,,
13,-13,10,7.611112,,,,
13,-13,10,7.611112,,,,
13,-13,10,7.611112,,,,
13,-13,10,7.611112,,,,
13,-13,10,7.611112,,,,
13,-13,10,7.611112,,,,
13,-13,10,7.611112,,,,
13,-13,10,7.611112,,,,
13,-13,10,7.611112,,,,
13,-13,10,7.611112,,,,
13,-13,10,7.611112,,,,
13,-13,10,7.611112,,,,
13,-13,10,7.611112,,,,
13,-13,10,7.611112,,,,
13,-13,10,7.666667,,,,
13,-13,10,7.666667,,,,
13,-13,10,7.666667,,,,
13,-13,10,7.666667,,,,
13,-13,10,7.666667,,,,
13,-13,10,7.666667,,,,
13,-13,10,7.666667,,,,
13,-13,10,7.666667,,,,
13,-13,10,7.666667,,,,
13,-13,10,7.666667,,,,
13,-13,10,7.666667,,,,
13,-13,10,7.666667,,,,
13,-13,10,7.666667,,,,
13,-13,10,7.666667,,,,
13,-13,10,7.666667,,,,
13,-13,9,7.666667,,,,
13,-13,9,7.666667,,,,
13,-13,9,7.666667,,,,
13,-13,9,7.666667,,,,
13,-13,9,7.666667,,,,
13,-13,9,7.666667,,,,
13,-13,9,7.666667,,,,
13,-13,9,7.666667,,,,
13,-13,9,7.777778,,,,
13,-13,9,7.777778,,,,
13,-13,9,7.777778,,,,
13,-13,9,7.777778,,,,
13,-13,9,7.777778,,,,
13,-13,9,7.777778,,,,
13,-13,9,7.777778,,,,
13,-13,9,7.777778,,,,
13,-13,9,7.777778,,,,
13,-13,9,7.777778,,,,
13,-13,9,7.777778,,,,
13,-13,9,7.777778,,,,
13,-13,9,7.777778,,,,
13,-13,9,7.777778,,,,
13,-13,9,7.777778,,,,
13,-13,9,7.777778,,,,
13,-13,9,7.777778,,,,
13,-13,9,7.777778,,,,
13,-13,9,7.777778,,,,
13,-13,9,7.777778,,,,
13,-13,9,7.777778,,,,
13,-13,9,7.777778,,,,
13,-13,9,7.777778,,,,
13,-13,9,7.777778,,,,
13,-13,9,7.777778,,,,
13,-13,8,7.777778,,,,
13,-13,8,7.777778,,,,
13,-13,8,7.777778,,,,
13,-13,8,7.777778,,,,
13,-13,8,7.777778,,,,
13,-13,8,7.777778,,,,
13,-13,8,7.777778,,,,
13,-13,8,7.833334,,,,
13,-13,8,7.833334,,,,
13,-13,8,7.833334,,,,
13,-13,8,7.833334,,,,
13,-13,8,7.833334,,,,
13,-13,8,7.833334,,,,
13,-13,8,7.833334,,,,
13,-13,8,7.833334,,,,
13,-13,8,7.833334,,,,
13,-13,8,7.833334,,,,
13,-13,8,7.833334,,,,
13,-13,8,7.833334,,,,
13,-13,8,7.833334,,,,
13,-13,8,7.833334,,,,
13,-13,8,7.833334,,,,
13,-13,8,7.833334,,,,
13,-13,8,7.833334,,,,
13,-13,8,7.833334,,,,
13,-13,8,7.833334,,,,
13,-13,8,7.833334,,,,
13,-13,8,7.833334,,,,
13,-13,8,7.833334,,,,
13,-13,8,7.833334,,,,
13,-13,8,7.833334,,,,
13,-13,8,7.833334,,,,
13,-13,8,7.833334,,,,
13,-13,8,7.88889,,,,
13,-13,8,7.88889,,,,
13,-13,8,7.88889,,,,
13,-13,8,7.88889,,,,
13,-13,8,7.88889,,,,
13,-13,8,7.88889,,,,
13,-13,8,7.88889,,,,
13,-13,7,7.88889,,,,
13,-13,7,7.88889,,,,
13,-13,7,7.88889,,,,
13,-13,7,7.88889,,,,
13,-13,7,7.88889,,,,
13,-13,7,7.88889,,,,
13,-13,7,7.88889,,,,
13,-13,7,7.88889,,,,
13,-13,7,7.88889,,,,
13,-13,7,7.88889,,,,
13,-13,7,7.88889,,,,
13,-13,7,7.88889,,,,
13,-13,7,7.88889,,,,
13,-13,7,7.88889,,,,
13,-13,7,7.88889,,,,
13,-13,7,7.88889,,,,
13,-13,7,7.88889,,,,
13,-13,7,7.88889,,,,
13,-13,7,7.88889,,,,
13,-13,7,7.88889,,,,
13,-13,7,8.000001,,,,
13,-13,7,8.000001,,,,
13,-13,7,8.000001,,,,
13,-13,7,8.000001,,,,
13,-13,7,8.000001,,,,
13,-13,7,8.000001,,,,
13,-13,7,8.000001,,,,
13,-13,7,8.000001,,,,
13,-13,7,8.000001,,,,
13,-13,7,8.000001,,,,
13,-13,7,8.000001,,,,
13,-13,7,8.000001,,,,
13,-13,7,8.000001,,,,
13,-13,7,8.000001,,,,
13,-13,7,8.000001,,,,
13,-13,7,8.000001,,,,
13,-13,7,8.000001,,,,
13,-13,7,8.000001,,,,
13,-13,7,8.000001,,,,
13,-13,7,8.000001,,,,
13,-13,7,8.000001,,,,
13,-13,7,8.000001,,,,
13,-13,7,8.000001,,,,
13,-13,7,8.000001,,,,
13,-13,7,8.000001,,,,
13,-13,7,8.000001,,,,
13,-13,7,8.000001,,,,
13,-13,7,8.000001,,,,
13,-13,7,8.055556,,,,
13,-13,7,8.055556,,,,
13,-13,6,8.055556,,,,
13,-13,6,8.055556,,,,
13,-13,6,8.055556,,,,
13,-13,6,8.055556,,,,
13,-13,6,8.055556,,,,
13,-13,6,8.055556,,,,
13,-13,6,8.055556,,,,
13,-13,6,8.055556,,,,
13,-13,6,8.055556,,,,
13,-13,6,8.055556,,,,
13,-13,6,8.055556,,,,
13,-13,6,8.055556,,,,
13,-13,6,8.055556,,,,
13,-13,6,8.055556,,,,
13,-13,6,8.055556,,,,
13,-13,6,8.055556,,,,
13,-13,6,8.055556,,,,
13,-13,6,8.055556,,,,
13,-13,6,8.055556,,,,
13,-13,6,8.055556,,,,
13,-13,6,8.055556,,,,
13,-13,6,8.055556,,,,
13,-13,6,8.055556,,,,
13,-13,6,8.055556,,,,
13,-13,6,8.055556,,,,
13,-13,6,8.055556,,,,
13,-13,6,8.055556,,,,
13,-13,6,8.055556,,,,
13,-13,6,8.055556,,,,
13,-13,6,8.055556,,,,
13,-13,6,8.055556,,,,
13,-13,6,8.166667,,,,
13,-13,6,8.166667,,,,
13,-13,6,8.166667,,,,
13,-13,6,8.166667,,,,
13,-13,6,8.166667,,,,
13,-13,6,8.166667,,,,
13,-13,6,8.166667,,,,
13,-13,6,8.166667,,,,
13,-13,6,8.166667,,,,
13,-13,5,8.166667,,,,
13,-13,5,8.166667,,,,
13,-13,5,8.166667,,,,
13,-13,5,8.166667,,,,
13,-13,5,8.166667,,,,
13,-13,5,8.166667,,,,
13,-13,5,8.166667,,,,
13,-13,5,8.166667,,,,
13,-13,5,8.222223,,,,
13,-13,5,8.222223,,,,
13,-13,5,8.222223,,,,
13,-13,5,8.222223,,,,
13,-13,5,8.222223,,,,
13,-13,5,8.222223,,,,
13,-13,5,8.222223,,,,
13,-13,5,8.222223,,,,
13,-13,5,8.222223,,,,
13,-13,5,8.222223,,,,
13,-13,5,8.222223,,,,
13,-13,5,8.222223,,,,
13,-13,5,8.222223,,,,
13,-13,5,8.222223,,,,
13,-13,5,8.222223,,,,
13,-13,5,8.222223,,,,
13,-13,5,8.222223,,,,
13,-13,5,8.222223,,,,
13,-13,5,8.222223,,,,
13,-13,5,8.222223,,,,
13,-13,5,8.222223,,,,
13,-13,5,8.222223,,,,
13,-13,5,8.222223,,,,
13,-13,5,8.222223,,,,
13,-13,5,8.222223,,,,
13,-13,5,8.222223,,,,
13,-13,5,8.222223,,,,
13,-13,5,8.222223,,,,
13,-13,5,8.222223,,,,
13,-13,5,8.333334,,,,
13,-13,5,8.333334,,,,
13,-13,5,8.333334,,,,
13,-13,5,8.333334,,,,
13,-13,5,8.333334,,,,
13,-13,5,8.333334,,,,
13,-13,5,8.333334,,,,
13,-13,5,8.333334,,,,
13,-13,5,8.333334,,,,
13,-13,5,8.333334,,,,
13,-13,5,8.333334,,,,
13,-13,5,8.333334,,,,
13,-13,5,8.333334,,,,
13,-13,5,8.333334,,,,
13,-13,5,8.333334,,,,
13,-13,5,8.333334,,,,
13,-13,5,8.333334,,,,
13,-13,5,8.333334,,,,
13,-13,5,8.333334,,,,
13,-13,5,8.333334,,,,
13,-13,5,8.333334,,,,
13,-13,5,8.333334,,,,
13,-13,5,8.333334,,,,
13,-13,5,8.333334,,,,
13,-13,5,8.333334,,,,
13,-13,5,8.333334,,,,
13,-13,5,8.333334,,,,
13,-13,5,8.38889,,,,
13,-13,5,8.38889,,,,
13,-13,4,8.38889,,,,
13,-13,4,8.38889,,,,
13,-13,4,8.38889,,,,
13,-13,4,8.38889,,,,
13,-13,4,8.38889,,,,
13,-13,4,8.38889,,,,
13,-13,4,8.38889,,,,
13,-13,4,8.38889,,,,
13,-13,4,8.38889,,,,
13,-13,4,8.38889,,,,
13,-13,4,8.38889,,,,
13,-13,4,8.38889,,,,
13,-13,4,8.38889,,,,
13,-13,4,8.38889,,,,
13,-13,4,8.38889,,,,
13,-13,4,8.38889,,,,
13,-13,4,8.38889,,,,
13,-13,4,8.38889,,,,
13,-13,4,8.38889,,,,
13,-13,4,8.38889,,,,
13,-13,4,8.38889,,,,
13,-13,4,8.500001,,,,
13,-13,4,8.500001,,,,
13,-13,4,8.500001,,,,
13,-13,4,8.500001,,,,
13,-13,4,8.500001,,,,
13,-13,4,8.500001,,,,
13,-13,4,8.500001,,,,
13,-13,4,8.500001,,,,
13,-13,4,8.500001,,,,
13,-13,4,8.500001,,,,
13,-13,4,8.500001,,,,
13,-13,4,8.500001,,,,
13,-13,4,8.500001,,,,
13,-13,4,8.500001,,,,
13,-13,4,8.500001,,,,
13,-13,4,8.500001,,,,
13,-13,4,8.500001,,,,
13,-13,4,8.500001,,,,
13,-13,4,8.500001,,,,
13,-13,4,8.500001,,,,
13,-13,4,8.500001,,,,
13,-13,4,8.500001,,,,
13,-13,4,8.500001,,,,
13,-13,4,8.555556,,,,
13,-13,4,8.555556,,,,
13,-13,4,8.555556,,,,
13,-13,4,8.555556,,,,
13,-13,4,8.555556,,,,
13,-13,4,8.555556,,,,
13,-13,4,8.555556,,,,
13,-13,4,8.555556,,,,
13,-13,4,8.555556,,,,
13,-13,4,8.555556,,,,
13,-13,4,8.555556,,,,
13,-13,4,8.555556,,,,
13,-13,4,8.555556,,,,
13,-13,4,8.555556,,,,
13,-13,4,8.555556,,,,
13,-13,4,8.555556,,,,
13,-13,4,8.555556,,,,
13,-13,4,8.555556,,,,
13,-13,4,8.555556,,,,
13,-13,4,8.555556,,,,
13,-13,4,8.555556,,,,
13,-13,4,8.666667,,,,
13,-13,4,8.666667,,,,
13,-13,4,8.666667,,,,
13,-13,4,8.666667,,,,
13,-13,4,8.666667,,,,
13,-13,4,8.666667,,,,
13,-13,4,8.666667,,,,
13,-13,4,8.666667,,,,
13,-13,4,8.666667,,,,
13,-13,4,8.666667,,,,
13,-13,3,8.666667,,,,
13,-13,3,8.666667,,,,
13,-13,3,8.666667,,,,
13,-13,3,8.666667,,,,
13,-13,3,8.666667,,,,
13,-13,3,8.666667,,,,
13,-13,3,8.666667,,,,
13,-13,3,8.666667,,,,
13,-13,3,8.666667,,,,
13,-13,3,8.666667,,,,
13,-13,3,8.666667,,,,
13,-13,3,8.666667,,,,
13,-13,3,8.666667,,,,
13,-13,3,8.666667,,,,
13,-13,3,8.666667,,,,
13,-13,3,8.666667,,,,
13,-13,3,8.666667,,,,
13,-13,3,8.722223,,,,
13,-13,3,8.722223,,,,
13,-13,3,8.722223,,,,
13,-13,3,8.722223,,,,
13,-13,3,8.722223,,,,
13,-13,3,8.722223,,,,
13,-13,3,8.722223,,,,
13,-13,3,8.722223,,,,
13,-13,3,8.722223,,,,
13,-13,3,8.722223,,,,
13,-13,3,8.722223,,,,
13,-13,3,8.722223,,,,
13,-13,3,8.722223,,,,
13,-13,3,8.722223,,,,
13,-13,3,8.722223,,,,
13,-13,3,8.722223,,,,
13,-13,3,8.722223,,,,
13,-13,3,8.722223,,,,
13.18181818,-13.18181818,3,8.722223,,,,
14,-14,3,8.833334,,,,
14,-14,3,8.833334,,,,
14,-14,3,8.833334,,,,
14,-14,3,8.833334,,,,
14,-14,3,8.833334,,,,
14,-14,3,8.833334,,,,
14,-14,3,8.833334,,,,
14,-14,3,8.833334,,,,
14,-14,3,8.833334,,,,
14,-14,3,8.833334,,,,
14,-14,3,8.833334,,,,
14,-14,3,8.833334,,,,
14,-14,3,8.833334,,,,
14,-14,3,8.833334,,,,
14,-14,3,8.833334,,,,
14,-14,3,8.833334,,,,
14,-14,3,8.88889,,,,
14,-14,3,8.88889,,,,
14,-14,3,8.88889,,,,
14,-14,3,8.88889,,,,
14,-14,3,8.88889,,,,
14,-14,3,8.88889,,,,
14,-14,3,8.88889,,,,
14,-14,3,8.88889,,,,
14,-14,3,8.88889,,,,
14,-14,3,8.88889,,,,
14,-14,3,8.88889,,,,
14,-14,3,8.88889,,,,
14,-14,3,8.88889,,,,
14,-14,3,8.88889,,,,
14,-14,3,8.88889,,,,
14,-14,3,8.88889,,,,
14,-14,3,8.88889,,,,
14,-14,3,8.88889,,,,
14,-14,3,8.88889,,,,
14,-14,3,8.88889,,,,
14,-14,3,8.88889,,,,
14,-14,3,8.88889,,,,
14,-14,3,8.88889,,,,
14,-14,3,8.88889,,,,
14,-14,3,8.88889,,,,
14,-14,3,8.88889,,,,
14,-14,3,8.88889,,,,
14,-14,3,8.88889,,,,
14,-14,3,8.88889,,,,
14,-14,3,9.000001,,,,
14,-14,3,9.000001,,,,
14,-14,3,9.000001,,,,
14,-14,3,9.000001,,,,
14,-14,3,9.000001,,,,
14,-14,3,9.000001,,,,
14,-14,2,9.000001,,,,
14,-14,2,9.000001,,,,
14,-14,2,9.000001,,,,
14,-14,2,9.000001,,,,
14,-14,2,9.000001,,,,
14,-14,2,9.000001,,,,
14,-14,2,9.000001,,,,
14,-14,2,9.000001,,,,
14,-14,2,9.000001,,,,
14,-14,2,9.000001,,,,
14,-14,2,9.055556,,,,
14,-14,2,9.055556,,,,
14,-14,2,9.055556,,,,
14,-14,2,9.055556,,,,
14,-14,2,9.055556,,,,
14,-14,2,9.055556,,,,
14,-14,2,9.055556,,,,
14,-14,2,9.055556,,,,
14,-14,2,9.055556,,,,
14,-14,2,9.055556,,,,
14,-14,2,9.055556,,,,
14,-14,2,9.055556,,,,
14,-14,2,9.055556,,,,
14,-14,2,9.166667,,,,
14,-14,2,9.166667,,,,
14,-14,2,9.166667,,,,
14,-14,2,9.166667,,,,
14,-14,2,9.166667,,,,
14,-14,2,9.166667,,,,
14,-14,2,9.166667,,,,
14,-14,2,9.166667,,,,
14,-14,2,9.166667,,,,
14,-14,2,9.166667,,,,
14,-14,2,9.166667,,,,
14,-14,2,9.166667,,,,
14,-14,2,9.166667,,,,
14,-14,2,9.166667,,,,
14,-14,2,9.166667,,,,
14,-14,2,9.166667,,,,
14,-14,2,9.166667,,,,
14,-14,2,9.222223,,,,
14,-14,2,9.222223,,,,
14,-14,2,9.222223,,,,
14,-14,2,9.222223,,,,
14,-14,2,9.222223,,,,
14,-14,2,9.222223,,,,
14,-14,2,9.222223,,,,
14,-14,2,9.222223,,,,
14,-14,2,9.222223,,,,
14,-14,2,9.222223,,,,
14,-14,2,9.222223,,,,
14,-14,2,9.222223,,,,
14,-14,2,9.222223,,,,
14,-14,2,9.222223,,,,
14,-14,2,9.222223,,,,
14,-14,2,9.222223,,,,
14,-14,2,9.222223,,,,
14,-14,2,9.222223,,,,
14,-14,2,9.222223,,,,
14,-14,2,9.222223,,,,
14,-14,2,9.222223,,,,
14,-14,2,9.222223,,,,
14,-14,2,9.222223,,,,
14,-14,2,9.222223,,,,
14,-14,2,9.222223,,,,
14,-14,2,9.222223,,,,
14,-14,2,9.305819,,,,
14,-14,2,9.333334,,,,
14,-14,2,9.333334,,,,
14,-14,2,9.333334,,,,
14,-14,2,9.333334,,,,
14,-14,2,9.333334,,,,
14,-14,2,9.333334,,,,
14,-14,2,9.333334,,,,
14,-14,2,9.333334,,,,
14,-14,2,9.333334,,,,
14,-14,2,9.333334,,,,
14,-14,2,9.333334,,,,
14,-14,2,9.333334,,,,
14,-14,2,9.333334,,,,
14,-14,2,9.333334,,,,
14,-14,2,9.333334,,,,
14,-14,2,9.333334,,,,
14,-14,2,9.333334,,,,
14,-14,2,9.333334,,,,
14,-14,2,9.38889,,,,
14,-14,2,9.38889,,,,
14,-14,2,9.38889,,,,
14,-14,2,9.38889,,,,
14,-14,2,9.38889,,,,
14,-14,2,9.38889,,,,
14,-14,2,9.38889,,,,
14,-14,2,9.38889,,,,
14,-14,2,9.38889,,,,
14,-14,2,9.38889,,,,
14,-14,2,9.38889,,,,
14,-14,2,9.38889,,,,
14,-14,2,9.38889,,,,
14,-14,2,9.38889,,,,
14,-14,2,9.38889,,,,
14,-14,2,9.38889,,,,
14,-14,2,9.38889,,,,
14,-14,2,9.38889,,,,
14,-14,2,9.38889,,,,
14,-14,2,9.38889,,,,
14,-14,2,9.38889,,,,
14,-14,2,9.38889,,,,
14,-14,2,9.38889,,,,
14,-14,2,9.38889,,,,
14,-14,2,9.38889,,,,
14,-14,2,9.38889,,,,
14,-14,2,9.38889,,,,
14,-14,2,9.500001,,,,
14,-14,2,9.500001,,,,
14,-14,2,9.500001,,,,
14,-14,2,9.500001,,,,
14,-14,2,9.500001,,,,
14,-14,1,9.500001,,,,
14,-14,1,9.500001,,,,
14,-14,1,9.500001,,,,
14,-14,1,9.500001,,,,
14,-14,1,9.500001,,,,
14,-14,1,9.500001,,,,
14,-14,1,9.500001,,,,
14,-14,1,9.500001,,,,
14,-14,1,9.500001,,,,
14,-14,1,9.555556,,,,
14,-14,1,9.555556,,,,
14,-14,1,9.555556,,,,
14,-14,1,9.555556,,,,
14,-14,1,9.555556,,,,
14,-14,1,9.555556,,,,
14,-14,1,9.555556,,,,
14,-14,1,9.555556,,,,
14,-14,1,9.555556,,,,
14,-14,1,9.555556,,,,
14,-14,1,9.555556,,,,
14,-14,1,9.555556,,,,
14,-14,1,9.555556,,,,
14,-14,1,9.555556,,,,
14,-14,1,9.555556,,,,
14,-14,1,9.555556,,,,
14,-14,1,9.555556,,,,
14,-14,1,9.555556,,,,
14,-14,1,9.555556,,,,
14,-14,1,9.555556,,,,
14,-14,1,9.555556,,,,
14,-14,1,9.666667,,,,
14,-14,1,9.666667,,,,
14,-14,1,9.666667,,,,
14,-14,1,9.666667,,,,
14,-14,1,9.666667,,,,
14,-14,1,9.666667,,,,
14,-14,1,9.666667,,,,
14,-14,1,9.666667,,,,
14,-14,1,9.666667,,,,
14,-14,1,9.666667,,,,
14,-14,1,9.666667,,,,
14,-14,1,9.666667,,,,
14,-14,1,9.666667,,,,
14,-14,1,9.666667,,,,
14,-14,1,9.666667,,,,
14,-14,1,9.666667,,,,
14,-14,1,9.666667,,,,
14,-14,1,9.666667,,,,
14,-14,1,9.666667,,,,
14,-14,1,9.666667,,,,
14,-14,1,9.722223,,,,
14,-14,1,9.722223,,,,
14,-14,1,9.722223,,,,
14,-14,1,9.722223,,,,
14,-14,1,9.722223,,,,
14,-14,1,9.722223,,,,
14,-14,1,9.722223,,,,
14,-14,1,9.722223,,,,
14,-14,1,9.722223,,,,
14,-14,1,9.722223,,,,
14,-14,1,9.722223,,,,
14,-14,1,9.722223,,,,
14,-14,1,9.722223,,,,
14,-14,1,9.722223,,,,
14,-14,1,9.722223,,,,
14,-14,1,9.722223,,,,
14,-14,1,9.722223,,,,
14,-14,1,9.722223,,,,
14,-14,1,9.722223,,,,
14,-14,1,9.722223,,,,
14,-14,1,9.777779,,,,
14,-14,1,9.777779,,,,
14,-14,1,9.777779,,,,
14,-14,1,9.777779,,,,
14,-14,1,9.777779,,,,
14,-14,1,9.777779,,,,
14,-14,1,9.777779,,,,
14,-14,1,9.777779,,,,
14,-14,1,9.777779,,,,
14,-14,1,9.777779,,,,
14,-14,1,9.777779,,,,
14,-14,1,9.777779,,,,
14,-14,1,9.777779,,,,
14,-14,1,9.777779,,,,
14,-14,1,9.777779,,,,
14,-14,1,9.777779,,,,
14,-14,1,9.777779,,,,
14,-14,1,9.777779,,,,
14,-14,1,9.777779,,,,
14,-14,1,9.88889,,,,
14,-14,1,9.88889,,,,
14,-14,1,9.88889,,,,
14,-14,1,9.88889,,,,
14,-14,1,9.88889,,,,
14,-14,1,9.88889,,,,
14,-14,1,9.88889,,,,
14,-14,1,9.88889,,,,
14,-14,1,9.88889,,,,
14,-14,1,9.88889,,,,
14,-14,1,9.88889,,,,
14,-14,1,9.88889,,,,
14,-14,1,9.88889,,,,
14,-14,1,9.88889,,,,
14,-14,1,9.88889,,,,
14,-14,1,9.88889,,,,
14,-14,1,9.88889,,,,
14,-14,1,9.88889,,,,
14,-14,1,9.88889,,,,
14,-14,1,9.88889,,,,
14,-14,1,9.88889,,,,
14,-14,1,9.88889,,,,
14,-14,1,9.88889,,,,
14,-14,1,9.88889,,,,
14,-14,1,9.88889,,,,
14,-14,1,9.944445,,,,
14,-14,1,9.944445,,,,
14,-14,1,9.944445,,,,
14,-14,0,9.944445,,,,
14,-14,0,9.944445,,,,
14,-14,0,9.944445,,,,
14,-14,0,9.944445,,,,
14,-14,0,9.944445,,,,
14,-14,0,9.944445,,,,
14,-14,0,9.944445,,,,
14,-14,0,9.944445,,,,
14,-14,0,9.944445,,,,
14,-14,0,9.944445,,,,
14,-14,0,9.944445,,,,
14,-14,0,9.944445,,,,
14,-14,0,9.944445,,,,
14,-14,0,10.055556,,,,
14,-14,0,10.055556,,,,
14,-14,0,10.055556,,,,
14,-14,0,10.055556,,,,
14,-14,0,10.055556,,,,
14,-14,0,10.055556,,,,
14,-14,0,10.055556,,,,
14,-14,0,10.055556,,,,
14,-14,0,10.055556,,,,
14,-14,0,10.055556,,,,
14,-14,0,10.055556,,,,
14,-14,0,10.055556,,,,
14,-14,0,10.111112,,,,
14,-14,0,10.111112,,,,
14,-14,0,10.111112,,,,
14,-14,0,10.111112,,,,
14,-14,0,10.111112,,,,
14,-14,0,10.111112,,,,
14,-14,0,10.111112,,,,
14,-14,0,10.111112,,,,
14,-14,0,10.111112,,,,
14,-14,0,10.111112,,,,
14,-14,0,10.111112,,,,
14,-14,0,10.111112,,,,
14,-14,0,10.111112,,,,
14,-14,0,10.111112,,,,
14,-14,0,10.111112,,,,
14,-14,0,10.111112,,,,
14,-14,0,10.111112,,,,
14,-14,0,10.222223,,,,
14,-14,0,10.222223,,,,
14,-14,0,10.222223,,,,
14,-14,0,10.222223,,,,
14,-14,0,10.222223,,,,
14,-14,0,10.222223,,,,
14,-14,0,10.222223,,,,
14,-14,0,10.222223,,,,
14,-14,0,10.222223,,,,
14,-14,0,10.222223,,,,
14,-14,0,10.222223,,,,
14,-14,0,10.222223,,,,
14.28571429,-14.28571429,0,10.222223,,,,
14.28571429,-14.28571429,0,10.222223,,,,
14.28571429,-14.28571429,0,10.222223,,,,
14.28571429,-14.28571429,0,10.222223,,,,
14.28571429,-14.28571429,0,10.222223,,,,
14.28571429,-14.28571429,0,10.222223,,,,
14.28571429,-14.28571429,0,10.222223,,,,
14.54545455,-14.54545455,0,10.222223,,,,
15,-15,0,10.277779,,,,
15,-15,0,10.277779,,,,
15,-15,0,10.277779,,,,
15,-15,0,10.277779,,,,
15,-15,0,10.277779,,,,
15,-15,0,10.277779,,,,
15,-15,0,10.277779,,,,
15,-15,0,10.277779,,,,
15,-15,0,10.277779,,,,
15,-15,0,10.277779,,,,
15,-15,0,10.277779,,,,
15,-15,0,10.277779,,,,
15,-15,0,10.277779,,,,
15,-15,0,10.277779,,,,
15,-15,0,10.277779,,,,
15,-15,0,10.277779,,,,
15,-15,0,10.277779,,,,
15,-15,0,10.277779,,,,
15,-15,0,10.277779,,,,
15,-15,0,10.38889,,,,
15,-15,0,10.38889,,,,
15,-15,0,10.38889,,,,
15,-15,0,10.38889,,,,
15,-15,0,10.38889,,,,
15,-15,0,10.38889,,,,
15,-15,0,10.38889,,,,
15,-15,0,10.38889,,,,
15,-15,0,10.38889,,,,
15,-15,0,10.38889,,,,
15,-15,0,10.38889,,,,
15,-15,0,10.444445,,,,
15,-15,0,10.444445,,,,
15,-15,0,10.444445,,,,
15,-15,0,10.444445,,,,
15,-15,0,10.444445,,,,
15,-15,0,10.444445,,,,
15,-15,0,10.444445,,,,
15,-15,0,10.444445,,,,
15,-15,0,10.444445,,,,
15,-15,0,10.444445,,,,
15,-15,0,10.444445,,,,
15,-15,0,10.444445,,,,
15,-15,0,10.444445,,,,
15,-15,0,10.444445,,,,
15,-15,0,10.444445,,,,
15,-15,0,10.555556,,,,
15,-15,0,10.555556,,,,
15,-15,0,10.555556,,,,
15,-15,0,10.555556,,,,
15,-15,0,10.555556,,,,
15,-15,0,10.555556,,,,
15,-15,0,10.555556,,,,
15,-15,0,10.555556,,,,
15,-15,0,10.555556,,,,
15,-15,0,10.555556,,,,
15,-15,0,10.555556,,,,
15,-15,0,10.555556,,,,
15,-15,0,10.611112,,,,
15,-15,0,10.611112,,,,
15,-15,0,10.611112,,,,
15,-15,0,10.611112,,,,
15,-15,0,10.611112,,,,
15,-15,0,10.611112,,,,
15,-15,0,10.611112,,,,
15,-15,0,10.611112,,,,
15,-15,0,10.611112,,,,
15,-15,0,10.611112,,,,
15,-15,0,10.611112,,,,
15,-15,0,10.611112,,,,
15,-15,0,10.611112,,,,
15,-15,0,10.722223,,,,
15,-15,0,10.722223,,,,
15,-15,0,10.722223,,,,
15,-15,0,10.722223,,,,
15,-15,0,10.722223,,,,
15,-15,0,10.722223,,,,
15,-15,0,10.722223,,,,
15,-15,0,10.722223,,,,
15,-15,0,10.722223,,,,
15,-15,0,10.722223,,,,
15,-15,0,10.722223,,,,
15,-15,0,10.722223,,,,
15,-15,0,10.722223,,,,
15,-15,0,10.722223,,,,
15,-15,0,10.722223,,,,
15,-15,0,10.777779,,,,
15,-15,0,10.777779,,,,
15,-15,0,10.777779,,,,
15,-15,0,10.777779,,,,
15,-15,0,10.777779,,,,
15,-15,0,10.777779,,,,
15,-15,0,10.777779,,,,
15,-15,0,10.777779,,,,
15,-15,0,10.777779,,,,
15,-15,0,10.777779,,,,
15,-15,0,10.777779,,,,
15,-15,0,10.88889,,,,
15,-15,0,10.88889,,,,
15,-15,0,10.88889,,,,
15,-15,0,10.88889,,,,
15,-15,0,10.88889,,,,
15,-15,0,10.88889,,,,
15,-15,0,10.88889,,,,
15,-15,0,10.88889,,,,
15,-15,0,10.88889,,,,
15,-15,0,10.88889,,,,
15,-15,0,10.88889,,,,
15,-15,0,10.88889,,,,
15,-15,0,10.88889,,,,
15,-15,0,10.88889,,,,
15,-15,0,10.88889,,,,
15,-15,0,10.944445,,,,
15,-15,0,10.944445,,,,
15,-15,0,10.944445,,,,
15,-15,0,10.944445,,,,
15,-15,0,10.944445,,,,
15,-15,0,10.944445,,,,
15,-15,0,10.944445,,,,
15,-15,0,10.944445,,,,
15,-15,0,10.944445,,,,
15,-15,0,10.944445,,,,
15,-15,0,10.944445,,,,
15,-15,0,10.944445,,,,
15,-15,0,10.944445,,,,
15,-15,0,10.944445,,,,
15,-15,0,10.944445,,,,
15,-15,0,10.944445,,,,
15,-15,0,10.944445,,,,
15,-15,0,10.944445,,,,
15,-15,0,10.944445,,,,
15,-15,0,11.055556,,,,
15,-15,0,11.055556,,,,
15,-15,0,11.055556,,,,
15,-15,0,11.055556,,,,
15,-15,0,11.055556,,,,
15,-15,0,11.055556,,,,
15,-15,0,11.055556,,,,
15,-15,0,11.055556,,,,
15,-15,0,11.055556,,,,
15,-15,0,11.055556,,,,
15,-15,0,11.055556,,,,
15,-15,0,11.111112,,,,
15,-15,0,11.111112,,,,
15,-15,0,11.111112,,,,
15,-15,0,11.111112,,,,
15,-15,0,11.111112,,,,
15,-15,0,11.111112,,,,
15,-15,0,11.111112,,,,
15,-15,0,11.111112,,,,
15,-15,0,11.111112,,,,
15,-15,0,11.111112,,,,
15,-15,0,11.111112,,,,
15,-15,0,11.111112,,,,
15,-15,0,11.111112,,,,
15,-15,0,11.111112,,,,
15,-15,0,11.111112,,,,
15,-15,0,11.111112,,,,
15,-15,0,11.111112,,,,
15,-15,0,11.111112,,,,
15,-15,0,11.111112,,,,
15,-15,0,11.111112,,,,
15,-15,0,11.111112,,,,
15,-15,0,11.111112,,,,
15,-15,0,11.111112,,,,
15,-15,0,11.111112,,,,
15,-15,0,11.222223,,,,
15,-15,0,11.222223,,,,
15,-15,0,11.222223,,,,
15,-15,0,11.222223,,,,
15,-15,0,11.222223,,,,
15,-15,0,11.222223,,,,
15,-15,0,11.222223,,,,
15,-15,0,11.222223,,,,
15,-15,0,11.222223,,,,
15,-15,0,11.222223,,,,
15,-15,0,11.222223,,,,
15,-15,0,11.222223,,,,
15,-15,0,11.222223,,,,
15,-15,0,11.222223,,,,
15,-15,0,11.222223,,,,
15,-15,0,11.222223,,,,
15,-15,0,11.222223,,,,
15,-15,0,11.222223,,,,
15,-15,0,11.222223,,,,
15,-15,0,11.222223,,,,
15,-15,0,11.222223,,,,
15,-15,0,11.222223,,,,
15,-15,0,11.222223,,,,
15,-15,0,11.277779,,,,
15,-15,0,11.277779,,,,
15,-15,0,11.277779,,,,
15,-15,0,11.277779,,,,
15,-15,0,11.277779,,,,
15,-15,0,11.277779,,,,
15,-15,0,11.277779,,,,
15,-15,0,11.277779,,,,
15,-15,0,11.277779,,,,
15,-15,0,11.277779,,,,
15,-15,0,11.277779,,,,
15,-15,0,11.277779,,,,
15,-15,0,11.277779,,,,
15,-15,0,11.277779,,,,
15,-15,0,11.277779,,,,
15,-15,0,11.277779,,,,
15,-15,0,11.277779,,,,
15,-15,0,11.277779,,,,
15,-15,0,11.277779,,,,
15,-15,0,11.277779,,,,
15,-15,0,11.277779,,,,
15,-15,0,11.277779,,,,
15,-15,0,11.277779,,,,
15,-15,0,11.277779,,,,
15,-15,0,11.38889,,,,
15,-15,0,11.38889,,,,
15,-15,0,11.38889,,,,
15,-15,0,11.38889,,,,
15,-15,0,11.38889,,,,
15,-15,0,11.38889,,,,
15,-15,0,11.38889,,,,
15,-15,0,11.38889,,,,
15,-15,0,11.38889,,,,
15,-15,0,11.38889,,,,
15,-15,0,11.38889,,,,
15,-15,0,11.38889,,,,
15,-15,0,11.38889,,,,
15,-15,0,11.38889,,,,
15,-15,0,11.38889,,,,
15,-15,0,11.38889,,,,
15,-15,0,11.38889,,,,
15,-15,0,11.38889,,,,
15,-15,0,11.38889,,,,
15,-15,0,11.38889,,,,
15,-15,0,11.38889,,,,
15,-15,0,11.38889,,,,
15,-15,0,11.38889,,,,
15,-15,0,11.38889,,,,
15,-15,0,11.38889,,,,
15,-15,0,11.38889,,,,
15,-15,0,11.38889,,,,
15,-15,0,11.444445,,,,
15,-15,0,11.444445,,,,
15,-15,0,11.444445,,,,
15,-15,0,11.444445,,,,
15,-15,0,11.444445,,,,
15,-15,0,11.444445,,,,
15,-15,0,11.444445,,,,
15,-15,0,11.444445,,,,
15,-15,0,11.444445,,,,
15,-15,0,11.444445,,,,
15,-15,0,11.444445,,,,
15,-15,0,11.444445,,,,
15,-15,0,11.444445,,,,
15,-15,0,11.444445,,,,
15,-15,0,11.444445,,,,
15,-15,0,11.555556,,,,
15,-15,0,11.555556,,,,
15,-15,0,11.555556,,,,
15,-15,0,11.555556,,,,
15,-15,0,11.555556,,,,
15,-15,0,11.555556,,,,
15,-15,0,11.555556,,,,
15,-15,0,11.555556,,,,
15,-15,0,11.555556,,,,
15,-15,0,11.555556,,,,
15,-15,0,11.555556,,,,
15,-15,0,11.555556,,,,
15,-15,0,11.555556,,,,
15,-15,0,11.555556,,,,
15,-15,0,11.555556,,,,
15,-15,0,11.555556,,,,
15,-15,0,11.555556,,,,
15,-15,0,11.555556,,,,
15,-15,0,11.555556,,,,
15,-15,0,11.555556,,,,
15,-15,0,11.555556,,,,
15,-15,0,11.555556,,,,
15,-15,0,11.555556,,,,
15,-15,0,11.555556,,,,
15,-15,0,11.611112,,,,
15,-15,0,11.611112,,,,
15,-15,0,11.611112,,,,
15,-15,0,11.611112,,,,
15,-15,0,11.611112,,,,
15,-15,0,11.611112,,,,
15,-15,0,11.611112,,,,
15,-15,0,11.611112,,,,
15,-15,0,11.611112,,,,
15,-15,0,11.722223,,,,
15,-15,0,11.722223,,,,
15,-15,0,11.722223,,,,
15,-15,0,11.722223,,,,
15,-15,0,11.722223,,,,
15,-15,0,11.722223,,,,
15,-15,0,11.722223,,,,
15,-15,0,11.722223,,,,
15,-15,0,11.722223,,,,
15,-15,0,11.722223,,,,
15,-15,0,11.722223,,,,
15,-15,0,11.722223,,,,
15,-15,0,11.722223,,,,
15,-15,0,11.722223,,,,
15,-15,0,11.722223,,,,
15,-15,0,11.722223,,,,
15,-15,0,11.722223,,,,
15,-15,0,11.722223,,,,
15,-15,0,11.722223,,,,
15,-15,0,11.777779,,,,
15,-15,0,11.777779,,,,
15,-15,0,11.777779,,,,
15,-15,0,11.777779,,,,
15,-15,0,11.777779,,,,
15,-15,0,11.777779,,,,
15,-15,0,11.777779,,,,
15,-15,0,11.777779,,,,
15,-15,0,11.777779,,,,
15,-15,0,11.777779,,,,
15,-15,0,11.777779,,,,
15,-15,0,11.777779,,,,
15,-15,0,11.777779,,,,
15,-15,0,11.777779,,,,
15,-15,0,11.777779,,,,
15,-15,0,11.777779,,,,
15,-15,0,11.777779,,,,
15,-15,0,11.777779,,,,
15,-15,0,11.777779,,,,
15,-15,0,11.777779,,,,
15,-15,0,11.833334,,,,
15,-15,0,11.833334,,,,
15,-15,0,11.833334,,,,
15,-15,0,11.833334,,,,
15,-15,0,11.833334,,,,
15,-15,0,11.833334,,,,
15,-15,0,11.833334,,,,
15,-15,0,11.833334,,,,
15,-15,0,11.833334,,,,
15,-15,0,11.833334,,,,
15,-15,0,11.833334,,,,
15,-15,0,11.833334,,,,
15,-15,0,11.833334,,,,
15,-15,0,11.833334,,,,
15,-15,0,11.833334,,,,
15,-15,0,11.833334,,,,
15,-15,0,11.944445,,,,
15,-15,0,11.944445,,,,
15,-15,0,11.944445,,,,
15,-15,0,11.944445,,,,
15,-15,0,11.944445,,,,
15,-15,0,11.944445,,,,
15,-15,0,11.944445,,,,
15,-15,0,11.944445,,,,
15,-15,0,11.944445,,,,
15,-15,0,11.944445,,,,
15,-15,0,11.944445,,,,
15.90909091,-15.90909091,0,11.944445,,,,
16,-16,0,11.944445,,,,
16,-16,0,11.944445,,,,
16,-16,0,11.944445,,,,
16,-16,0,11.944445,,,,
16,-16,0,11.944445,,,,
16,-16,0,11.944445,,,,
16,-16,0,11.944445,,,,
16,-16,0,12.000001,,,,
16,-16,0,12.000001,,,,
16,-16,0,12.000001,,,,
16,-16,0,12.000001,,,,
16,-16,0,12.000001,,,,
16,-16,0,12.000001,,,,
16,-16,0,12.000001,,,,
16,-16,0,12.000001,,,,
16,-16,0,12.000001,,,,
16,-16,0,12.000001,,,,
16,-16,0,12.000001,,,,
16,-16,0,12.000001,,,,
16,-16,0,12.000001,,,,
16,-16,0,12.000001,,,,
16,-16,0,12.000001,,,,
16,-16,0,12.000001,,,,
16,-16,0,12.000001,,,,
16,-16,0,12.111112,,,,
16,-16,0,12.111112,,,,
16,-16,0,12.111112,,,,
16,-16,0,12.111112,,,,
16,-16,0,12.111112,,,,
16,-16,0,12.111112,,,,
16,-16,0,12.111112,,,,
16,-16,0,12.111112,,,,
16,-16,0,12.111112,,,,
16,-16,0,12.111112,,,,
16,-16,0,12.111112,,,,
16,-16,0,12.111112,,,,
16,-16,0,12.166668,,,,
16,-16,0,12.166668,,,,
16,-16,0,12.166668,,,,
16,-16,0,12.166668,,,,
16,-16,0,12.166668,,,,
16,-16,0,12.166668,,,,
16,-16,0,12.166668,,,,
16,-16,0,12.166668,,,,
16,-16,0,12.166668,,,,
16,-16,0,12.166668,,,,
16,-16,0,12.166668,,,,
16,-16,0,12.166668,,,,
16,-16,0,12.166668,,,,
16,-16,0,12.166668,,,,
16,-16,0,12.166668,,,,
16,-16,0,12.166668,,,,
16,-16,0,12.166668,,,,
16,-16,0,12.166668,,,,
16,-16,0,12.166668,,,,
16,-16,0,12.166668,,,,
16,-16,0,12.166668,,,,
16,-16,0,12.166668,,,,
16,-16,0,12.166668,,,,
16,-16,0,12.277779,,,,
16,-16,0,12.277779,,,,
16,-16,0,12.277779,,,,
16,-16,0,12.277779,,,,
16,-16,0,12.277779,,,,
16,-16,0,12.277779,,,,
16,-16,0,12.277779,,,,
16,-16,0,12.277779,,,,
16,-16,0,12.277779,,,,
16,-16,0,12.277779,,,,
16,-16,0,12.277779,,,,
16,-16,0,12.333334,,,,
16,-16,0,12.333334,,,,
16,-16,0,12.333334,,,,
16,-16,0,12.333334,,,,
16,-16,0,12.333334,,,,
16,-16,0,12.333334,,,,
16,-16,0,12.333334,,,,
16,-16,0,12.333334,,,,
16,-16,0,12.333334,,,,
16,-16,0,12.333334,,,,
16,-16,0,12.333334,,,,
16,-16,0,12.333334,,,,
16,-16,0,12.333334,,,,
16,-16,0,12.333334,,,,
16,-16,0,12.333334,,,,
16,-16,0,12.333334,,,,
16,-16,0,12.444445,,,,
16,-16,0,12.444445,,,,
16,-16,0,12.444445,,,,
16,-16,0,12.444445,,,,
16,-16,0,12.444445,,,,
16,-16,0,12.444445,,,,
16,-16,0,12.444445,,,,
16,-16,0,12.444445,,,,
16,-16,0,12.444445,,,,
16,-16,0,12.444445,,,,
16,-16,0,12.444445,,,,
16,-16,0,12.444445,,,,
16,-16,0,12.444445,,,,
16,-16,0,12.444445,,,,
16,-16,0,12.444445,,,,
16,-16,0,12.444445,,,,
16,-16,0,12.444445,,,,
16,-16,0,12.500001,,,,
16,-16,0,12.500001,,,,
16,-16,0,12.500001,,,,
16,-16,0,12.500001,,,,
16,-16,0,12.500001,,,,
16,-16,0,12.500001,,,,
16,-16,0,12.500001,,,,
16,-16,0,12.500001,,,,
16,-16,0,12.500001,,,,
16,-16,0,12.500001,,,,
16,-16,0,12.500001,,,,
16,-16,0,12.500001,,,,
16,-16,0,12.500001,,,,
16,-16,0,12.500001,,,,
16,-16,0,12.500001,,,,
16,-16,0,12.500001,,,,
16,-16,0,12.500001,,,,
16,-16,0,12.500001,,,,
16,-16,0,12.500001,,,,
16,-16,0,12.500001,,,,
16,-16,0,12.611112,,,,
16,-16,0,12.611112,,,,
16,-16,0,12.611112,,,,
16,-16,0,12.611112,,,,
16,-16,0,12.611112,,,,
16,-16,0,12.611112,,,,
16,-16,0,12.611112,,,,
16,-16,0,12.611112,,,,
16,-16,0,12.611112,,,,
16,-16,0,12.611112,,,,
16,-16,0,12.611112,,,,
16,-16,0,12.611112,,,,
16,-16,0,12.611112,,,,
16,-16,0,12.611112,,,,
16,-16,0,12.611112,,,,
16,-16,0,12.611112,,,,
16,-16,0,12.611112,,,,
16,-16,0,12.611112,,,,
16,-16,0,12.611112,,,,
16,-16,0,12.611112,,,,
16,-16,0,12.611112,,,,
16,-16,0,12.666668,,,,
16,-16,0,12.666668,,,,
16,-16,0,12.666668,,,,
16,-16,0,12.666668,,,,
16,-16,0,12.666668,,,,
16,-16,0,12.666668,,,,
16,-16,0,12.666668,,,,
16,-16,0,12.666668,,,,
16,-16,0,12.666668,,,,
16,-16,0,12.666668,,,,
16,-16,0,12.666668,,,,
16,-16,0,12.666668,,,,
16,-16,0,12.666668,,,,
16,-16,0,12.666668,,,,
16,-16,0,12.666668,,,,
16,-16,0,12.666668,,,,
16,-16,0,12.666668,,,,
16,-16,0,12.666668,,,,
16,-16,0,12.666668,,,,
16,-16,0,12.666668,,,,
16,-16,0,12.666668,,,,
16,-16,0,12.666668,,,,
16,-16,0,12.666668,,,,
16,-16,0,12.666668,,,,
16,-16,0,12.777779,,,,
16,-16,0,12.777779,,,,
16,-16,0,12.777779,,,,
16,-16,0,12.777779,,,,
16,-16,0,12.777779,,,,
16,-16,0,12.777779,,,,
16,-16,0,12.777779,,,,
16,-16,0,12.777779,,,,
16,-16,0,12.777779,,,,
16,-16,0,12.777779,,,,
16,-16,0,12.777779,,,,
16,-16,0,12.777779,,,,
16,-16,0,12.777779,,,,
16,-16,0,12.777779,,,,
16,-16,0,12.777779,,,,
16,-16,0,12.777779,,,,
16,-16,0,12.777779,,,,
16,-16,0,12.777779,,,,
16,-16,0,12.833334,,,,
16,-16,0,12.833334,,,,
16,-16,0,12.833334,,,,
16,-16,0,12.833334,,,,
16,-16,0,12.833334,,,,
16,-16,0,12.833334,,,,
16,-16,0,12.833334,,,,
16,-16,0,12.833334,,,,
16,-16,0,12.833334,,,,
16,-16,0,12.833334,,,,
16,-16,0,12.833334,,,,
16,-16,0,12.833334,,,,
16,-16,0,12.833334,,,,
16,-16,0,12.833334,,,,
16,-16,0,12.833334,,,,
16,-16,0,12.833334,,,,
16,-16,0,12.833334,,,,
16,-16,0,12.833334,,,,
16,-16,0,12.833334,,,,
16,-16,0,12.833334,,,,
16,-16,0,12.833334,,,,
16,-16,0,12.833334,,,,
16,-16,0,12.833334,,,,
16,-16,0,12.833334,,,,
16,-16,0,12.833334,,,,
16,-16,0,12.833334,,,,
16,-16,0,12.833334,,,,
16,-16,0,12.944445,,,,
16,-16,0,12.944445,,,,
16,-16,0,12.944445,,,,
16,-16,0,12.944445,,,,
16,-16,0,12.944445,,,,
16,-16,0,12.944445,,,,
16,-16,0,12.944445,,,,
16,-16,0,12.944445,,,,
16,-16,0,12.944445,,,,
16,-16,0,12.944445,,,,
16,-16,0,12.944445,,,,
16,-16,0,12.944445,,,,
16,-16,0,12.944445,,,,
16,-16,0,12.944445,,,,
16,-16,0,12.944445,,,,
16,-16,0,12.944445,,,,
16,-16,0,12.944445,,,,
16,-16,0,12.944445,,,,
16,-16,0,13.000001,,,,
16,-16,0,13.000001,,,,
16,-16,0,13.000001,,,,
16,-16,0,13.000001,,,,
16,-16,0,13.000001,,,,
16,-16,0,13.000001,,,,
16,-16,0,13.000001,,,,
16,-16,0,13.000001,,,,
16,-16,0,13.000001,,,,
16,-16,0,13.000001,,,,
16,-16,0,13.000001,,,,
16,-16,0,13.000001,,,,
16,-16,0,13.000001,,,,
16,-16,0,13.000001,,,,
16,-16,0,13.000001,,,,
16,-16,0,13.000001,,,,
16,-16,0,13.000001,,,,
16,-16,0,13.000001,,,,
16,-16,0,13.000001,,,,
16,-16,0,13.000001,,,,
16,-16,0,13.000001,,,,
16,-16,0,13.000001,,,,
16,-16,0,13.000001,,,,
16,-16,0,13.000001,,,,
16,-16,0,13.000001,,,,
16,-16,0,13.000001,,,,
16,-16,0,13.000001,,,,
16,-16,0,13.000001,,,,
16,-16,0,13.000001,,,,
16,-16,0,13.000001,,,,
16,-16,0,13.000001,,,,
16,-16,0,13.000001,,,,
16,-16,0,13.000001,,,,
16,-16,0,13.000001,,,,
16,-16,0,13.111112,,,,
16,-16,0,13.111112,,,,
16,-16,0,13.111112,,,,
16,-16,0,13.111112,,,,
16,-16,0,13.111112,,,,
16,-16,0,13.111112,,,,
16,-16,0,13.111112,,,,
16,-16,0,13.111112,,,,
16,-16,0,13.111112,,,,
16,-16,0,13.111112,,,,
16,-16,0,13.111112,,,,
16,-16,0,13.111112,,,,
16,-16,0,13.111112,,,,
16,-16,0,13.111112,,,,
16,-16,0,13.111112,,,,
16,-16,0,13.111112,,,,
16,-16,0,13.111112,,,,
16,-16,0,13.111112,,,,
16,-16,0,13.111112,,,,
16,-16,0,13.166668,,,,
16,-16,0,13.166668,,,,
16,-16,0,13.166668,,,,
16,-16,0,13.166668,,,,
16,-16,0,13.166668,,,,
16,-16,0,13.166668,,,,
16,-16,0,13.166668,,,,
16,-16,0,13.166668,,,,
16,-16,0,13.166668,,,,
16,-16,0,13.166668,,,,
16,-16,0,13.166668,,,,
16,-16,0,13.166668,,,,
16,-16,0,13.166668,,,,
16,-16,0,13.166668,,,,
16,-16,0,13.166668,,,,
16,-16,0,13.166668,,,,
16,-16,0,13.166668,,,,
16,-16,0,13.166668,,,,
16,-16,0,13.166668,,,,
16,-16,0,13.166668,,,,
16,-16,0,13.166668,,,,
16,-16,0,13.166668,,,,
16,-16,0,13.166668,,,,
16,-16,0,13.166668,,,,
16,-16,0,13.167038,,,,
16,-16,0,13.277779,,,,
16,-16,0,13.277779,,,,
16,-16,0,13.277779,,,,
16,-16,0,13.277779,,,,
16,-16,0,13.277779,,,,
16,-16,0,13.277779,,,,
16,-16,0,13.277779,,,,
16,-16,0,13.277779,,,,
16,-16,0,13.277779,,,,
16,-16,0,13.277779,,,,
16,-16,0,13.277779,,,,
16,-16,0,13.277779,,,,
16,-16,0,13.277779,,,,
16,-16,0,13.277779,,,,
16,-16,0,13.277779,,,,
16,-16,0,13.277779,,,,
16,-16,0,13.277779,,,,
16,-16,0,13.277779,,,,
16,-16,0,13.277779,,,,
16,-16,0,13.277779,,,,
16,-16,0,13.277779,,,,
16,-16,0,13.277779,,,,
16,-16,0,13.277779,,,,
16,-16,0,13.277779,,,,
16,-16,0,13.333334,,,,
16,-16,0,13.333334,,,,
16,-16,0,13.333334,,,,
16,-16,0,13.333334,,,,
16,-16,0,13.333334,,,,
16,-16,0,13.333334,,,,
16,-16,0,13.333334,,,,
16,-16,0,13.333334,,,,
16,-16,0,13.333334,,,,
16,-16,0,13.333334,,,,
16,-16,0,13.333334,,,,
16,-16,0,13.333334,,,,
16,-16,0,13.333334,,,,
16,-16,0,13.333334,,,,
16,-16,0,13.333334,,,,
16,-16,0,13.333334,,,,
16,-16,0,13.333334,,,,
16,-16,0,13.444446,,,,
16,-16,0,13.444446,,,,
16,-16,0,13.444446,,,,
16,-16,0,13.444446,,,,
16,-16,0,13.444446,,,,
16,-16,0,13.444446,,,,
16,-16,0,13.444446,,,,
16,-16,0,13.444446,,,,
16,-16,0,13.444446,,,,
16,-16,0,13.444446,,,,
16,-16,0,13.444446,,,,
16,-16,0,13.444446,,,,
16,-16,0,13.444446,,,,
16,-16,0,13.444446,,,,
16,-16,0,13.444446,,,,
16,-16,0,13.444446,,,,
16,-16,0,13.444446,,,,
16,-16,0,13.444446,,,,
16,-16,0,13.444446,,,,
16,-16,0,13.444446,,,,
16,-16,0,13.444446,,,,
16,-16,0,13.444446,,,,
16,-16,0,13.444446,,,,
16,-16,0,13.444446,,,,
16,-16,0,13.444446,,,,
16,-16,0,13.444446,,,,
16,-16,0,13.444446,,,,
16,-16,0,13.444446,,,,
16,-16,0,13.444446,,,,
16,-16,0,13.444446,,,,
16,-16,0,13.500001,,,,
16,-16,0,13.500001,,,,
16,-16,0,13.500001,,,,
16,-16,0,13.500001,,,,
16,-16,0,13.500001,,,,
16,-16,0,13.500001,,,,
16,-16,0,13.500001,,,,
16,-16,0,13.500001,,,,
16,-16,0,13.500001,,,,
16,-16,0,13.500001,,,,
16,-16,0,13.500001,,,,
16,-16,0,13.500001,,,,
16,-16,0,13.500001,,,,
16,-16,0,13.500001,,,,
16,-16,0,13.500001,,,,
16,-16,0,13.500001,,,,
16,-16,0,13.500001,,,,
16,-16,0,13.500001,,,,
16,-16,0,13.500001,,,,
16,-16,0,13.500001,,,,
16,-16,0,13.500001,,,,
16,-16,0,13.500001,,,,
16,-16,0,13.500001,,,,
16,-16,0,13.500001,,,,
16,-16,0,13.500001,,,,
16,-16,0,13.500001,,,,
16,-16,0,13.500001,,,,
16,-16,0,13.500001,,,,
16,-16,0,13.500001,,,,
16,-16,0,13.500001,,,,
16,-16,0,13.500001,,,,
16,-16,0,13.500001,,,,
16,-16,0,13.500001,,,,
16,-16,0,13.611112,,,,
16,-16,0,13.611112,,,,
16,-16,0,13.611112,,,,
16,-16,0,13.611112,,,,
16,-16,0,13.611112,,,,
16,-16,0,13.611112,,,,
16,-16,0,13.611112,,,,
16,-16,0,13.611112,,,,
16,-16,0,13.611112,,,,
16,-16,0,13.611112,,,,
16,-16,0,13.611112,,,,
16,-16,0,13.611112,,,,
16,-16,0,13.611112,,,,
16,-16,0,13.611112,,,,
16,-16,0,13.611112,,,,
16,-16,0,13.611112,,,,
16,-16,0,13.611112,,,,
16,-16,0,13.611112,,,,
16,-16,0,13.611112,,,,
16,-16,0,13.611112,,,,
16,-16,0,13.611112,,,,
16,-16,0,13.611112,,,,
16,-16,0,13.611112,,,,
16,-16,0,13.611112,,,,
17,-17,0,13.611112,,,,
17,-17,0,13.611112,,,,
17,-17,0,13.611112,,,,
17,-17,0,13.611112,,,,
17,-17,0,13.611112,,,,
17,-17,0,13.611112,,,,
17,-17,0,13.611112,,,,
17,-17,0,13.611112,,,,
17,-17,0,13.611112,,,,
17,-17,0,13.611112,,,,
17,-17,0,13.611112,,,,
17,-17,0,13.611112,,,,
17,-17,0,13.611112,,,,
17,-17,0,13.611112,,,,
17,-17,0,13.611112,,,,
17,-17,0,13.611112,,,,
17,-17,0,13.666668,,,,
17,-17,0,13.666668,,,,
17,-17,0,13.666668,,,,
17,-17,0,13.666668,,,,
17,-17,0,13.666668,,,,
17,-17,0,13.666668,,,,
17,-17,0,13.666668,,,,
17,-17,0,13.666668,,,,
17,-17,0,13.666668,,,,
17,-17,0,13.666668,,,,
17,-17,0,13.666668,,,,
17,-17,0,13.666668,,,,
17,-17,0,13.666668,,,,
17,-17,0,13.666668,,,,
17,-17,0,13.666668,,,,
17,-17,0,13.666668,,,,
17,-17,0,13.666668,,,,
17,-17,0,13.666668,,,,
17,-17,0,13.666668,,,,
17,-17,0,13.666668,,,,
17,-17,0,13.666668,,,,
17,-17,0,13.666668,,,,
17,-17,0,13.666668,,,,
17,-17,0,13.666668,,,,
17,-17,0,13.666668,,,,
17,-17,0,13.666668,,,,
17,-17,0,13.722223,,,,
17,-17,0,13.722223,,,,
17,-17,0,13.722223,,,,
17,-17,0,13.722223,,,,
17,-17,0,13.722223,,,,
17,-17,0,13.722223,,,,
17,-17,0,13.722223,,,,
17,-17,0,13.722223,,,,
17,-17,0,13.722223,,,,
17,-17,0,13.722223,,,,
17,-17,0,13.722223,,,,
17,-17,0,13.722223,,,,
17,-17,0,13.722223,,,,
17,-17,0,13.722223,,,,
17,-17,0,13.722223,,,,
17,-17,0,13.722223,,,,
17,-17,0,13.722223,,,,
17,-17,0,13.722223,,,,
17,-17,0,13.722223,,,,
17,-17,0,13.722223,,,,
17,-17,0,13.722223,,,,
17,-17,0,13.722223,,,,
17,-17,0,13.722223,,,,
17,-17,0,13.722223,,,,
17,-17,0,13.722223,,,,
17,-17,0,13.722223,,,,
17,-17,0,13.722223,,,,
17,-17,0,13.722223,,,,
17,-17,0,13.805448,,,,
17,-17,0,13.833334,,,,
17,-17,0,13.833334,,,,
17,-17,0,13.833334,,,,
17,-17,0,13.833334,,,,
17,-17,0,13.833334,,,,
17,-17,0,13.833334,,,,
17,-17,0,13.833334,,,,
17,-17,0,13.833334,,,,
17,-17,0,13.833334,,,,
17,-17,0,13.833334,,,,
17,-17,0,13.833334,,,,
17,-17,0,13.833334,,,,
17,-17,0,13.833334,,,,
17,-17,0,13.833334,,,,
17,-17,0,13.833334,,,,
17,-17,0,13.833334,,,,
17,-17,0,13.833334,,,,
17,-17,0,13.833334,,,,
17,-17,0,13.833334,,,,
17,-17,0,13.833334,,,,
17,-17,0,13.833334,,,,
17,-17,0,13.833334,,,,
17,-17,0,13.833334,,,,
17,-17,0,13.833334,,,,
17,-17,0,13.833334,,,,
17,-17,0,13.833334,,,,
17,-17,0,13.833334,,,,
17,-17,0,13.833334,,,,
17,-17,0,13.833334,,,,
17,-17,0,13.833334,,,,
17,-17,0,13.833334,,,,
17,-17,0,13.833334,,,,
17,-17,0,13.88889,,,,
17,-17,0,13.88889,,,,
17,-17,0,13.88889,,,,
17,-17,0,13.88889,,,,
17,-17,0,13.88889,,,,
17,-17,0,13.88889,,,,
17,-17,0,13.88889,,,,
17,-17,0,13.88889,,,,
17,-17,0,13.88889,,,,
17,-17,0,13.88889,,,,
17,-17,0,13.88889,,,,
17,-17,0,13.88889,,,,
17,-17,0,13.88889,,,,
17,-17,0,13.88889,,,,
17,-17,0,13.88889,,,,
17,-17,0,13.88889,,,,
17,-17,0,13.88889,,,,
17,-17,0,13.88889,,,,
17,-17,0,13.88889,,,,
17,-17,0,13.88889,,,,
17,-17,0,13.88889,,,,
17,-17,0,13.88889,,,,
17,-17,0,13.88889,,,,
17,-17,0,13.88889,,,,
17,-17,0,13.88889,,,,
17,-17,0,13.88889,,,,
17,-17,0,13.88889,,,,
17,-17,0,14.000001,,,,
17,-17,0,14.000001,,,,
17,-17,0,14.000001,,,,
17,-17,0,14.000001,,,,
17,-17,0,14.000001,,,,
17,-17,0,14.000001,,,,
17,-17,0,14.000001,,,,
17,-17,0,14.000001,,,,
17,-17,0,14.000001,,,,
17,-17,0,14.000001,,,,
17,-17,0,14.000001,,,,
17,-17,0,14.000001,,,,
17,-17,0,14.000001,,,,
17,-17,0,14.000001,,,,
17,-17,0,14.000001,,,,
17,-17,0,14.000001,,,,
17,-17,0,14.000001,,,,
17,-17,0,14.000001,,,,
17,-17,0,14.000001,,,,
17,-17,0,14.000001,,,,
17,-17,0,14.000001,,,,
17,-17,0,14.000001,,,,
17,-17,0,14.000001,,,,
17,-17,0,14.000001,,,,
17,-17,0,14.000001,,,,
17,-17,0,14.000001,,,,
17,-17,0,14.000001,,,,
17,-17,0,14.000001,,,,
17,-17,0,14.000001,,,,
17,-17,0,14.000001,,,,
17,-17,0,14.000001,,,,
17,-17,0,14.000001,,,,
17,-17,0,14.000001,,,,
17,-17,0,14.000001,,,,
17,-17,0,14.000001,,,,
17,-17,0,14.000001,,,,
17,-17,0,14.000001,,,,
17,-17,0,14.000001,,,,
17,-17,0,14.000001,,,,
17,-17,0,14.000001,,,,
17,-17,0,14.055557,,,,
17,-17,0,14.055557,,,,
17,-17,0,14.055557,,,,
17,-17,0,14.055557,,,,
17,-17,0,14.055557,,,,
17,-17,0,14.055557,,,,
17,-17,0,14.055557,,,,
17,-17,0,14.055557,,,,
17,-17,0,14.055557,,,,
17,-17,0,14.055557,,,,
17,-17,0,14.055557,,,,
17,-17,0,14.055557,,,,
17,-17,0,14.055557,,,,
17,-17,0,14.055557,,,,
17,-17,0,14.055557,,,,
17,-17,0,14.055557,,,,
17,-17,0,14.055557,,,,
17,-17,0,14.055557,,,,
17,-17,0,14.055557,,,,
17,-17,0,14.055557,,,,
17,-17,0,14.055557,,,,
17,-17,0,14.055557,,,,
17,-17,0,14.055557,,,,
17,-17,0,14.055557,,,,
17,-17,0,14.055557,,,,
17,-17,0,14.166668,,,,
17,-17,0,14.166668,,,,
17,-17,0,14.166668,,,,
17,-17,0,14.166668,,,,
17,-17,0,14.166668,,,,
17,-17,0,14.166668,,,,
17,-17,0,14.166668,,,,
17,-17,0,14.166668,,,,
17,-17,0,14.166668,,,,
17,-17,0,14.166668,,,,
17,-17,0,14.166668,,,,
17,-17,0,14.166668,,,,
17,-17,0,14.166668,,,,
17,-17,0,14.166668,,,,
17,-17,0,14.166668,,,,
17,-17,0,14.166668,,,,
17,-17,0,14.166668,,,,
17,-17,0,14.166668,,,,
17,-17,0,14.166668,,,,
17,-17,0,14.166668,,,,
17,-17,0,14.166668,,,,
17,-17,0,14.166668,,,,
17,-17,0,14.166668,,,,
17,-17,0,14.166668,,,,
17,-17,0,14.166668,,,,
17,-17,0,14.166668,,,,
17,-17,0,14.166668,,,,
17,-17,0,14.166668,,,,
17,-17,0,14.166668,,,,
17,-17,0,14.166668,,,,
17,-17,0,14.166668,,,,
17,-17,0,14.166668,,,,
17,-17,0,14.166668,,,,
17,-17,0,14.222223,,,,
17,-17,0,14.222223,,,,
17,-17,0,14.222223,,,,
17,-17,0,14.222223,,,,
17,-17,0,14.222223,,,,
17,-17,0,14.222223,,,,
17,-17,0,14.222223,,,,
17,-17,0,14.222223,,,,
17,-17,0,14.222223,,,,
17,-17,0,14.222223,,,,
17,-17,0,14.222223,,,,
17,-17,0,14.222223,,,,
17,-17,0,14.222223,,,,
17,-17,0,14.222223,,,,
17,-17,0,14.222223,,,,
17,-17,0,14.222223,,,,
17,-17,0,14.222223,,,,
17,-17,0,14.222223,,,,
17,-17,0,14.222223,,,,
17,-17,0,14.222223,,,,
17,-17,0,14.222223,,,,
17,-17,0,14.222223,,,,
17,-17,0,14.222223,,,,
17,-17,0,14.222223,,,,
17,-17,0,14.222223,,,,
17,-17,0,14.222223,,,,
17,-17,0,14.222223,,,,
17,-17,0,14.222223,,,,
17,-17,0,14.222223,,,,
17,-17,0,14.333334,,,,
17,-17,0,14.333334,,,,
17,-17,0,14.333334,,,,
17,-17,0,14.333334,,,,
17,-17,0,14.333334,,,,
17,-17,0,14.333334,,,,
17,-17,0,14.333334,,,,
17,-17,0,14.333334,,,,
17,-17,0,14.333334,,,,
17,-17,0,14.333334,,,,
17,-17,0,14.333334,,,,
17,-17,0,14.333334,,,,
17,-17,0,14.333334,,,,
17,-17,0,14.333334,,,,
17,-17,0,14.333334,,,,
17,-17,0,14.333334,,,,
17,-17,0,14.333334,,,,
17,-17,0,14.333334,,,,
17,-17,0,14.333334,,,,
17,-17,0,14.333334,,,,
17,-17,0,14.333334,,,,
17,-17,0,14.333334,,,,
17,-17,0,14.333334,,,,
17,-17,0,14.333334,,,,
17,-17,0,14.333334,,,,
17,-17,0,14.333334,,,,
17,-17,0,14.333334,,,,
17,-17,0,14.333334,,,,
17,-17,0,14.444446,,,,
17,-17,0,14.444446,,,,
17,-17,0,14.444446,,,,
17,-17,0,14.444446,,,,
17,-17,0,14.444446,,,,
17,-17,0,14.444446,,,,
17,-17,0,14.444446,,,,
17,-17,0,14.444446,,,,
17,-17,0,14.444446,,,,
17,-17,0,14.444446,,,,
17,-17,0,14.444446,,,,
17,-17,0,14.444446,,,,
17,-17,0,14.444446,,,,
17,-17,0,14.444446,,,,
17,-17,0,14.444446,,,,
17,-17,0,14.444446,,,,
17,-17,0,14.444446,,,,
17,-17,0,14.444446,,,,
17,-17,0,14.444446,,,,
17,-17,0,14.444446,,,,
17,-17,0,14.444446,,,,
17,-17,0,14.444446,,,,
17,-17,0,14.444446,,,,
17,-17,0,14.444446,,,,
17,-17,0,14.444446,,,,
17,-17,0,14.444446,,,,
17,-17,0,14.444446,,,,
17,-17,0,14.444446,,,,
17,-17,0,14.444446,,,,
17,-17,0,14.444446,,,,
17,-17,0,14.444446,,,,
17,-17,0,14.444446,,,,
17,-17,0,14.444446,,,,
17,-17,0,14.444446,,,,
17,-17,0,14.444446,,,,
17,-17,0,14.444446,,,,
17,-17,0,14.444446,,,,
17,-17,0,14.444446,,,,
17,-17,0,14.444446,,,,
17,-17,0,14.444446,,,,
17,-17,0,14.444446,,,,
17,-17,0,14.500001,,,,
17,-17,0,14.500001,,,,
17,-17,0,14.500001,,,,
17,-17,0,14.500001,,,,
17,-17,0,14.500001,,,,
17,-17,0,14.500001,,,,
17,-17,0,14.500001,,,,
17,-17,0,14.500001,,,,
17,-17,0,14.500001,,,,
17,-17,0,14.500001,,,,
17,-17,0,14.500001,,,,
17,-17,0,14.500001,,,,
17,-17,0,14.500001,,,,
17,-17,0,14.500001,,,,
17,-17,0,14.500001,,,,
17,-17,0,14.500001,,,,
17,-17,0,14.500001,,,,
17,-17,0,14.500001,,,,
17,-17,0,14.500001,,,,
17,-17,0,14.500001,,,,
17,-17,0,14.500001,,,,
17,-17,0,14.500001,,,,
17,-17,0,14.500001,,,,
17,-17,0,14.611112,,,,
17,-17,0,14.611112,,,,
17,-17,0,14.611112,,,,
17,-17,0,14.611112,,,,
17,-17,0,14.611112,,,,
17,-17,0,14.611112,,,,
17,-17,0,14.611112,,,,
17,-17,0,14.611112,,,,
17,-17,0,14.611112,,,,
17,-17,0,14.611112,,,,
17,-17,0,14.611112,,,,
17,-17,0,14.611112,,,,
17,-17,0,14.611112,,,,
17,-17,0,14.611112,,,,
17,-17,0,14.611112,,,,
17,-17,0,14.611112,,,,
17,-17,0,14.611112,,,,
17,-17,0,14.611112,,,,
17,-17,0,14.611112,,,,
17,-17,0,14.611112,,,,
17,-17,0,14.611112,,,,
17,-17,0,14.611112,,,,
17,-17,0,14.611112,,,,
17,-17,0,14.611112,,,,
17,-17,0,14.611112,,,,
17,-17,0,14.611112,,,,
17,-17,0,14.611112,,,,
17,-17,0,14.611112,,,,
17,-17,0,14.611112,,,,
17,-17,0,14.611112,,,,
17,-17,0,14.666668,,,,
17,-17,0,14.666668,,,,
17,-17,0,14.666668,,,,
17,-17,0,14.666668,,,,
17,-17,0,14.666668,,,,
17,-17,0,14.666668,,,,
17,-17,0,14.666668,,,,
17,-17,0,14.666668,,,,
17,-17,0,14.666668,,,,
17,-17,0,14.666668,,,,
17,-17,0,14.666668,,,,
17,-17,0,14.666668,,,,
17,-17,0,14.666668,,,,
17,-17,0,14.666668,,,,
17,-17,0,14.666668,,,,
17,-17,0,14.666668,,,,
17,-17,0,14.666668,,,,
17,-17,0,14.666668,,,,
17,-17,0,14.666668,,,,
17,-17,0,14.666668,,,,
17,-17,0,14.666668,,,,
17,-17,0,14.666668,,,,
17,-17,0,14.666668,,,,
17,-17,0,14.666668,,,,
17,-17,0,14.666668,,,,
17,-17,0,14.666668,,,,
17,-17,0,14.666668,,,,
17,-17,0,14.666668,,,,
17,-17,0,14.777779,,,,
17,-17,0,14.777779,,,,
17,-17,0,14.777779,,,,
17,-17,0,14.777779,,,,
17,-17,0,14.777779,,,,
17,-17,0,14.777779,,,,
17,-17,0,14.777779,,,,
17,-17,0,14.777779,,,,
17,-17,0,14.777779,,,,
17,-17,0,14.777779,,,,
17,-17,0,14.777779,,,,
17,-17,0,14.777779,,,,
17,-17,0,14.777779,,,,
17,-17,0,14.777779,,,,
17,-17,0,14.777779,,,,
17,-17,0,14.777779,,,,
17,-17,0,14.777779,,,,
17,-17,0,14.777779,,,,
17,-17,0,14.777779,,,,
17,-17,0,14.777779,,,,
17.27272727,-17.27272727,0,14.777779,,,,
18,-18,0,14.777779,,,,
18,-18,0,14.777779,,,,
18,-18,0,14.777779,,,,
18,-18,0,14.833335,,,,
18,-18,0,14.833335,,,,
18,-18,0,14.833335,,,,
18,-18,0,14.833335,,,,
18,-18,0,14.833335,,,,
18,-18,0,14.833335,,,,
18,-18,0,14.833335,,,,
18,-18,0,14.833335,,,,
18,-18,0,14.833335,,,,
18,-18,0,14.833335,,,,
18,-18,0,14.833335,,,,
18,-18,0,14.833335,,,,
18,-18,0,14.833335,,,,
18,-18,0,14.833335,,,,
18,-18,0,14.833335,,,,
18,-18,0,14.833335,,,,
18,-18,0,14.833335,,,,
18,-18,0,14.833335,,,,
18,-18,0,14.833335,,,,
18,-18,0,14.833335,,,,
18,-18,0,14.833335,,,,
18,-18,0,14.833335,,,,
18,-18,0,14.833335,,,,
18,-18,0,14.833335,,,,
18,-18,0,14.833335,,,,
18,-18,0,14.833335,,,,
18,-18,0,14.833335,,,,
18,-18,0,14.833335,,,,
18,-18,0,14.944446,,,,
18,-18,0,14.944446,,,,
18,-18,0,14.944446,,,,
18,-18,0,14.944446,,,,
18,-18,0,14.944446,,,,
18,-18,0,14.944446,,,,
18,-18,0,14.944446,,,,
18,-18,0,14.944446,,,,
18,-18,0,14.944446,,,,
18,-18,0,14.944446,,,,
18,-18,0,14.944446,,,,
18,-18,0,14.944446,,,,
18,-18,0,14.944446,,,,
18,-18,0,14.944446,,,,
18,-18,0,14.944446,,,,
18,-18,0,14.944446,,,,
18,-18,0,14.944446,,,,
18,-18,0,14.944446,,,,
18,-18,0,14.944446,,,,
18,-18,0,14.944446,,,,
18,-18,0,14.944446,,,,
18,-18,0,14.944446,,,,
18,-18,0,14.944446,,,,
18,-18,0,14.944446,,,,
18,-18,0,14.944446,,,,
18,-18,0,14.944446,,,,
18,-18,0,14.944446,,,,
18,-18,0,14.944446,,,,
18,-18,0,14.944446,,,,
18,-18,0,14.944446,,,,
18,-18,0,14.944446,,,,
18,-18,0,14.944446,,,,
18,-18,0,14.944446,,,,
18,-18,0,14.944446,,,,
18,-18,0,14.944446,,,,
18,-18,0,14.944446,,,,
18,-18,0,15.000001,,,,
18,-18,0,15.000001,,,,
18,-18,0,15.000001,,,,
18,-18,0,15.000001,,,,
18,-18,0,15.000001,,,,
18,-18,0,15.000001,,,,
18,-18,0,15.000001,,,,
18,-18,0,15.000001,,,,
18,-18,0,15.000001,,,,
18,-18,0,15.000001,,,,
18,-18,0,15.000001,,,,
18,-18,0,15.000001,,,,
18,-18,0,15.000001,,,,
18,-18,0,15.000001,,,,
18,-18,0,15.000001,,,,
18,-18,0,15.000001,,,,
18,-18,0,15.000001,,,,
18,-18,0,15.000001,,,,
18,-18,0,15.000001,,,,
18,-18,0,15.000001,,,,
18,-18,0,15.000001,,,,
18,-18,0,15.000001,,,,
18,-18,0,15.000001,,,,
18,-18,0,15.000001,,,,
18,-18,0,15.000001,,,,
18,-18,0,15.000001,,,,
18,-18,0,15.000001,,,,
18,-18,0,15.000001,,,,
18,-18,0,15.000001,,,,
18,-18,0,15.111112,,,,
18,-18,0,15.111112,,,,
18,-18,0,15.111112,,,,
18,-18,0,15.111112,,,,
18,-18,0,15.111112,,,,
18,-18,0,15.111112,,,,
18,-18,0,15.111112,,,,
18,-18,0,15.111112,,,,
18,-18,0,15.111112,,,,
18,-18,0,15.111112,,,,
18,-18,0,15.111112,,,,
18,-18,0,15.111112,,,,
18,-18,0,15.111112,,,,
18,-18,0,15.111112,,,,
18,-18,0,15.111112,,,,
18,-18,0,15.111112,,,,
18,-18,0,15.111112,,,,
18,-18,0,15.111112,,,,
18,-18,0,15.111112,,,,
18,-18,0,15.111112,,,,
18,-18,0,15.111112,,,,
18,-18,0,15.111112,,,,
18,-18,0,15.111112,,,,
18,-18,0,15.111112,,,,
18,-18,0,15.111112,,,,
18,-18,0,15.111112,,,,
18,-18,0,15.111112,,,,
18,-18,0,15.111112,,,,
18,-18,0,15.111112,,,,
18,-18,0,15.111112,,,,
18,-18,0,15.111112,,,,
18,-18,0,15.111112,,,,
18,-18,0,15.111112,,,,
18,-18,0,15.111112,,,,
18,-18,0,15.111112,,,,
18,-18,0,15.111112,,,,
18,-18,0,15.111112,,,,
18,-18,0,15.111112,,,,
18,-18,0,15.111112,,,,
18,-18,0,15.111112,,,,
18,-18,0,15.111112,,,,
18,-18,0,15.111112,,,,
18,-18,0,15.166668,,,,
18,-18,0,15.166668,,,,
18,-18,0,15.166668,,,,
18,-18,0,15.166668,,,,
18,-18,0,15.166668,,,,
18,-18,0,15.166668,,,,
18,-18,0,15.166668,,,,
18,-18,0,15.166668,,,,
18,-18,0,15.166668,,,,
18,-18,0,15.166668,,,,
18,-18,0,15.166668,,,,
18,-18,0,15.166668,,,,
18,-18,0,15.166668,,,,
18,-18,0,15.166668,,,,
18,-18,0,15.166668,,,,
18,-18,0,15.166668,,,,
18,-18,0,15.166668,,,,
18,-18,0,15.166668,,,,
18,-18,0,15.166668,,,,
18,-18,0,15.166668,,,,
18,-18,0,15.166668,,,,
18,-18,0,15.166668,,,,
18,-18,0,15.166668,,,,
18,-18,0,15.166668,,,,
18,-18,0,15.166668,,,,
18,-18,0,15.166668,,,,
18,-18,0,15.166668,,,,
18,-18,0,15.166668,,,,
18,-18,0,15.166668,,,,
18,-18,0,15.166668,,,,
18,-18,0,15.277779,,,,
18,-18,0,15.277779,,,,
18,-18,0,15.277779,,,,
18,-18,0,15.277779,,,,
18,-18,0,15.277779,,,,
18,-18,0,15.277779,,,,
18,-18,0,15.277779,,,,
18,-18,0,15.277779,,,,
18,-18,0,15.277779,,,,
18,-18,0,15.277779,,,,
18,-18,0,15.277779,,,,
18,-18,0,15.277779,,,,
18,-18,0,15.277779,,,,
18,-18,0,15.277779,,,,
18,-18,0,15.277779,,,,
18,-18,0,15.277779,,,,
18,-18,0,15.277779,,,,
18,-18,0,15.277779,,,,
18,-18,0,15.277779,,,,
18,-18,0,15.277779,,,,
18,-18,0,15.277779,,,,
18,-18,0,15.277779,,,,
18,-18,0,15.277779,,,,
18,-18,0,15.277779,,,,
18,-18,0,15.277779,,,,
18,-18,0,15.277779,,,,
18,-18,0,15.277779,,,,
18,-18,0,15.277779,,,,
18,-18,0,15.277779,,,,
18,-18,0,15.277779,,,,
18,-18,0,15.277779,,,,
18,-18,0,15.277779,,,,
18,-18,0,15.277779,,,,
18,-18,0,15.277779,,,,
18,-18,0,15.277779,,,,
18,-18,0,15.277779,,,,
18,-18,0,15.333335,,,,
18,-18,0,15.333335,,,,
18,-18,0,15.333335,,,,
18,-18,0,15.333335,,,,
18,-18,0,15.333335,,,,
18,-18,0,15.333335,,,,
18,-18,0,15.333335,,,,
18,-18,0,15.333335,,,,
18,-18,0,15.333335,,,,
18,-18,0,15.333335,,,,
18,-18,0,15.333335,,,,
18,-18,0,15.333335,,,,
18,-18,0,15.333335,,,,
18,-18,0,15.333335,,,,
18,-18,0,15.333335,,,,
18,-18,0,15.333335,,,,
18,-18,0,15.333335,,,,
18,-18,0,15.333335,,,,
18,-18,0,15.333335,,,,
18,-18,0,15.333335,,,,
18,-18,0,15.333335,,,,
18,-18,0,15.333335,,,,
18,-18,0,15.333335,,,,
18,-18,0,15.333335,,,,
18,-18,0,15.333335,,,,
18,-18,0,15.333335,,,,
18,-18,0,15.333335,,,,
18,-18,0,15.333335,,,,
18,-18,0,15.333335,,,,
18,-18,0,15.333335,,,,
18,-18,0,15.333335,,,,
18,-18,0,15.333335,,,,
18,-18,0,15.333335,,,,
18,-18,0,15.333335,,,,
18,-18,0,15.333335,,,,
18,-18,0,15.333335,,,,
18,-18,0,15.333335,,,,
18,-18,0,15.333335,,,,
18,-18,0,15.333335,,,,
18,-18,0,15.333335,,,,
18,-18,0,15.444446,,,,
18,-18,0,15.444446,,,,
18,-18,0,15.444446,,,,
18,-18,0,15.444446,,,,
18,-18,0,15.444446,,,,
18,-18,0,15.444446,,,,
18,-18,0,15.444446,,,,
18,-18,0,15.444446,,,,
18,-18,0,15.444446,,,,
18,-18,0,15.444446,,,,
18,-18,0,15.444446,,,,
18,-18,0,15.444446,,,,
18,-18,0,15.444446,,,,
18,-18,0,15.444446,,,,
18,-18,0,15.444446,,,,
18,-18,0,15.444446,,,,
18,-18,0,15.444446,,,,
18,-18,0,15.444446,,,,
18,-18,0,15.444446,,,,
18,-18,0,15.444446,,,,
18,-18,0,15.444446,,,,
18,-18,0,15.444446,,,,
18,-18,0,15.444446,,,,
18,-18,0,15.444446,,,,
18,-18,0,15.444446,,,,
18,-18,0,15.444446,,,,
18,-18,0,15.444446,,,,
18,-18,0,15.444446,,,,
18,-18,0,15.444446,,,,
18,-18,0,15.444446,,,,
18,-18,0,15.444446,,,,
18,-18,0,15.444446,,,,
18,-18,0,15.444446,,,,
18,-18,0,15.444446,,,,
18,-18,0,15.444446,,,,
18,-18,0,15.444446,,,,
18,-18,0,15.444446,,,,
18,-18,0,15.444446,,,,
18,-18,0,15.444446,,,,
18,-18,0,15.444446,,,,
18,-18,0,15.444446,,,,
18,-18,0,15.444446,,,,
18,-18,0,15.444446,,,,
18,-18,0,15.444446,,,,
18,-18,0,15.444446,,,,
18,-18,0,15.444446,,,,
18,-18,0,15.500001,,,,
18,-18,0,15.500001,,,,
18,-18,0,15.500001,,,,
18,-18,0,15.500001,,,,
18,-18,0,15.500001,,,,
18,-18,0,15.500001,,,,
18,-18,0,15.500001,,,,
18,-18,0,15.500001,,,,
18,-18,0,15.500001,,,,
18,-18,0,15.500001,,,,
18,-18,0,15.500001,,,,
18,-18,0,15.500001,,,,
18,-18,0,15.500001,,,,
18,-18,0,15.500001,,,,
18,-18,0,15.500001,,,,
18,-18,0,15.500001,,,,
18,-18,0,15.500001,,,,
18,-18,0,15.500001,,,,
18,-18,0,15.500001,,,,
18,-18,0,15.500001,,,,
18,-18,0,15.500001,,,,
18,-18,0,15.500001,,,,
18,-18,0,15.500001,,,,
18,-18,0,15.500001,,,,
18,-18,0,15.500001,,,,
18,-18,0,15.500001,,,,
18,-18,0,15.500001,,,,
18,-18,0,15.500001,,,,
18,-18,0,15.500001,,,,
18,-18,0,15.500001,,,,
18,-18,0,15.500001,,,,
18,-18,0,15.500001,,,,
18,-18,0,15.611112,,,,
18,-18,0,15.611112,,,,
18,-18,0,15.611112,,,,
18,-18,0,15.611112,,,,
18,-18,0,15.611112,,,,
18,-18,0,15.611112,,,,
18,-18,0,15.611112,,,,
18,-18,0,15.611112,,,,
18.5,-18.5,0,15.611112,,,,
18.63636364,-18.63636364,0,15.611112,,,,
19,-19,0,15.611112,,,,
19,-19,0,15.611112,,,,
19,-19,0,15.611112,,,,
19,-19,0,15.611112,,,,
19,-19,0,15.611112,,,,
19,-19,0,15.611112,,,,
19,-19,0,15.611112,,,,
19,-19,0,15.611112,,,,
19,-19,0,15.611112,,,,
19,-19,0,15.611112,,,,
19,-19,0,15.611112,,,,
19,-19,0,15.611112,,,,
19,-19,0,15.611112,,,,
19,-19,0,15.611112,,,,
19,-19,0,15.611112,,,,
19,-19,0,15.611112,,,,
19,-19,0,15.611112,,,,
19,-19,0,15.611112,,,,
19,-19,0,15.611112,,,,
19,-19,0,15.666668,,,,
19,-19,0,15.666668,,,,
19,-19,0,15.666668,,,,
19,-19,0,15.666668,,,,
19,-19,0,15.666668,,,,
19,-19,0,15.666668,,,,
19,-19,0,15.666668,,,,
19,-19,0,15.666668,,,,
19,-19,0,15.666668,,,,
19,-19,0,15.666668,,,,
19,-19,0,15.666668,,,,
19,-19,0,15.666668,,,,
19,-19,0,15.666668,,,,
19,-19,0,15.666668,,,,
19,-19,0,15.666668,,,,
19,-19,0,15.666668,,,,
19,-19,0,15.666668,,,,
19,-19,0,15.666668,,,,
19,-19,0,15.666668,,,,
19,-19,0,15.666668,,,,
19,-19,0,15.666668,,,,
19,-19,0,15.666668,,,,
19,-19,0,15.666668,,,,
19,-19,0,15.666668,,,,
19,-19,0,15.666668,,,,
19,-19,0,15.666668,,,,
19,-19,0,15.666668,,,,
19,-19,0,15.666668,,,,
19,-19,0,15.666668,,,,
19,-19,0,15.777779,,,,
19,-19,0,15.777779,,,,
19,-19,0,15.777779,,,,
19,-19,0,15.777779,,,,
19,-19,0,15.777779,,,,
19,-19,0,15.777779,,,,
19,-19,0,15.777779,,,,
19,-19,0,15.777779,,,,
19,-19,0,15.777779,,,,
19,-19,0,15.777779,,,,
19,-19,0,15.777779,,,,
19,-19,0,15.777779,,,,
19,-19,0,15.777779,,,,
19,-19,0,15.777779,,,,
19,-19,0,15.777779,,,,
19,-19,0,15.777779,,,,
19,-19,0,15.777779,,,,
19,-19,0,15.777779,,,,
19,-19,0,15.777779,,,,
19,-19,0,15.777779,,,,
19,-19,0,15.777779,,,,
19,-19,0,15.777779,,,,
19,-19,0,15.777779,,,,
19,-19,0,15.777779,,,,
19,-19,0,15.777779,,,,
19,-19,0,15.777779,,,,
19,-19,0,15.777779,,,,
19,-19,0,15.777779,,,,
19,-19,0,15.777779,,,,
19,-19,0,15.777779,,,,
19,-19,0,15.777779,,,,
19,-19,0,15.777779,,,,
19,-19,0,15.777779,,,,
19,-19,0,15.777779,,,,
19,-19,0,15.777779,,,,
19,-19,0,15.777779,,,,
19,-19,0,15.777779,,,,
19,-19,0,15.777779,,,,
19,-19,0,15.777779,,,,
19,-19,0,15.777779,,,,
19,-19,0,15.777779,,,,
19,-19,0,15.833335,,,,
19,-19,0,15.833335,,,,
19,-19,0,15.833335,,,,
19,-19,0,15.833335,,,,
19,-19,0,15.833335,,,,
19,-19,0,15.833335,,,,
19,-19,0,15.833335,,,,
19,-19,0,15.833335,,,,
19,-19,0,15.833335,,,,
19,-19,0,15.833335,,,,
19,-19,0,15.833335,,,,
19,-19,0,15.833335,,,,
19,-19,0,15.833335,,,,
19,-19,0,15.833335,,,,
19,-19,0,15.833335,,,,
19,-19,0,15.833335,,,,
19,-19,0,15.833335,,,,
19,-19,0,15.833335,,,,
19,-19,0,15.833335,,,,
19,-19,0,15.833335,,,,
19,-19,0,15.833335,,,,
19,-19,0,15.833335,,,,
19,-19,0,15.833335,,,,
19,-19,0,15.833335,,,,
19,-19,0,15.833335,,,,
19,-19,0,15.833335,,,,
19,-19,0,15.833335,,,,
19,-19,0,15.833335,,,,
19,-19,0,15.833335,,,,
19,-19,0,15.833335,,,,
19,-19,0,15.833335,,,,
19,-19,0,15.833335,,,,
19,-19,0,15.833335,,,,
19,-19,0,15.833335,,,,
19,-19,0,15.833335,,,,
19,-19,0,15.833335,,,,
19,-19,0,15.833335,,,,
19,-19,0,15.833335,,,,
19,-19,0,15.833335,,,,
19,-19,0,15.944446,,,,
19,-19,0,15.944446,,,,
19,-19,0,15.944446,,,,
19,-19,0,15.944446,,,,
19,-19,0,15.944446,,,,
19,-19,0,15.944446,,,,
19,-19,0,15.944446,,,,
19,-19,0,15.944446,,,,
19,-19,0,15.944446,,,,
19,-19,0,15.944446,,,,
19,-19,0,15.944446,,,,
19,-19,0,15.944446,,,,
19,-19,0,15.944446,,,,
19,-19,0,15.944446,,,,
19,-19,0,15.944446,,,,
19,-19,0,15.944446,,,,
19,-19,0,15.944446,,,,
19,-19,0,15.944446,,,,
19,-19,0,15.944446,,,,
19,-19,0,15.944446,,,,
19,-19,0,15.944446,,,,
19,-19,0,15.944446,,,,
19,-19,0,15.944446,,,,
19,-19,0,16.055557,,,,
19,-19,0,16.055557,,,,
19,-19,0,16.055557,,,,
19,-19,0,16.055557,,,,
19,-19,0,16.055557,,,,
19,-19,0,16.055557,,,,
19,-19,0,16.055557,,,,
19,-19,0,16.055557,,,,
19,-19,0,16.055557,,,,
19,-19,0,16.055557,,,,
19,-19,0,16.055557,,,,
19,-19,0,16.055557,,,,
19,-19,0,16.055557,,,,
19,-19,0,16.055557,,,,
19,-19,0,16.055557,,,,
19,-19,0,16.055557,,,,
19,-19,0,16.055557,,,,
19,-19,0,16.055557,,,,
19,-19,0,16.055557,,,,
19,-19,0,16.055557,,,,
19,-19,0,16.055557,,,,
19,-19,0,16.055557,,,,
19,-19,0,16.055557,,,,
19,-19,0,16.055557,,,,
19,-19,0,16.055557,,,,
19,-19,0,16.055557,,,,
19,-19,0,16.055557,,,,
19,-19,0,16.055557,,,,
19,-19,0,16.111112,,,,
19,-19,0,16.111112,,,,
19,-19,0,16.111112,,,,
19,-19,0,16.111112,,,,
19,-19,0,16.111112,,,,
19,-19,0,16.111112,,,,
19,-19,0,16.111112,,,,
19,-19,0,16.111112,,,,
19,-19,0,16.111112,,,,
19,-19,0,16.111112,,,,
19,-19,0,16.111112,,,,
19,-19,0,16.111112,,,,
19,-19,0,16.111112,,,,
19,-19,0,16.111112,,,,
19,-19,0,16.111112,,,,
19,-19,0,16.111112,,,,
19,-19,0,16.111112,,,,
19,-19,0,16.111112,,,,
19,-19,0,16.111112,,,,
19,-19,0,16.111112,,,,
19,-19,0,16.111112,,,,
19,-19,0,16.111112,,,,
19,-19,0,16.111112,,,,
19,-19,0,16.111112,,,,
19,-19,0,16.111112,,,,
19,-19,0,16.111112,,,,
19,-19,0,16.111112,,,,
19,-19,0,16.111112,,,,
20,-20,0,16.111112,,,,
20,-20,0,16.111112,,,,
20,-20,0,16.111112,,,,
20,-20,0,16.111112,,,,
20,-20,0,16.111112,,,,
20,-20,0,16.111112,,,,
20,-20,0,16.111112,,,,
20,-20,0,16.111112,,,,
20,-20,0,16.111112,,,,
20,-20,0,16.111112,,,,
20,-20,0,16.222224,,,,
20,-20,0,16.222224,,,,
20,-20,0,16.222224,,,,
20,-20,0,16.222224,,,,
20,-20,0,16.222224,,,,
20,-20,0,16.222224,,,,
20,-20,0,16.222224,,,,
20,-20,0,16.222224,,,,
20,-20,0,16.222224,,,,
20,-20,0,16.222224,,,,
20,-20,0,16.222224,,,,
20,-20,0,16.222224,,,,
20,-20,0,16.222224,,,,
20,-20,0,16.222224,,,,
20,-20,0,16.222224,,,,
20,-20,0,16.222224,,,,
20,-20,0,16.222224,,,,
20,-20,0,16.222224,,,,
20,-20,0,16.222224,,,,
20,-20,0,16.222224,,,,
20,-20,0,16.222224,,,,
20,-20,0,16.222224,,,,
20,-20,0,16.222224,,,,
20,-20,0,16.222224,,,,
20,-20,0,16.222224,,,,
20,-20,0,16.222224,,,,
20,-20,0,16.222224,,,,
20,-20,0,16.222224,,,,
20,-20,0,16.222224,,,,
20,-20,0,16.222224,,,,
20,-20,0,16.222224,,,,
20,-20,0,16.222224,,,,
20,-20,0,16.222224,,,,
20,-20,0,16.222224,,,,
20,-20,0,16.222224,,,,
20,-20,0,16.277779,,,,
20,-20,0,16.277779,,,,
20,-20,0,16.277779,,,,
20,-20,0,16.277779,,,,
20,-20,0,16.277779,,,,
20,-20,0,16.277779,,,,
20,-20,0,16.277779,,,,
20,-20,0,16.277779,,,,
20,-20,0,16.277779,,,,
20,-20,0,16.277779,,,,
20,-20,0,16.277779,,,,
20,-20,0,16.277779,,,,
20,-20,0,16.277779,,,,
20,-20,0,16.277779,,,,
20,-20,0,16.277779,,,,
20,-20,0,16.277779,,,,
20,-20,0,16.277779,,,,
20,-20,0,16.277779,,,,
20,-20,0,16.277779,,,,
20,-20,0,16.277779,,,,
20,-20,0,16.277779,,,,
20,-20,0,16.277779,,,,
20,-20,0,16.277779,,,,
20,-20,0,16.277779,,,,
20,-20,0,16.277779,,,,
20,-20,0,16.277779,,,,
20,-20,0,16.277779,,,,
20,-20,0,16.38889,,,,
20,-20,0,16.38889,,,,
20,-20,0,16.38889,,,,
20,-20,0,16.38889,,,,
20,-20,0,16.38889,,,,
20,-20,0,16.38889,,,,
20,-20,0,16.38889,,,,
20,-20,0,16.38889,,,,
20,-20,0,16.38889,,,,
20,-20,0,16.38889,,,,
20,-20,0,16.38889,,,,
20,-20,0,16.38889,,,,
20,-20,0,16.38889,,,,
20,-20,0,16.38889,,,,
20,-20,0,16.38889,,,,
20,-20,0,16.38889,,,,
20,-20,0,16.38889,,,,
20,-20,0,16.38889,,,,
20,-20,0,16.38889,,,,
20,-20,0,16.38889,,,,
20,-20,0,16.38889,,,,
20,-20,0,16.38889,,,,
20,-20,0,16.38889,,,,
20,-20,0,16.38889,,,,
20,-20,0,16.38889,,,,
20,-20,0,16.38889,,,,
20,-20,0,16.38889,,,,
20,-20,0,16.38889,,,,
20,-20,0,16.38889,,,,
20,-20,0,16.38889,,,,
20,-20,0,16.444446,,,,
20,-20,0,16.444446,,,,
20,-20,0,16.444446,,,,
20,-20,0,16.444446,,,,
20,-20,0,16.444446,,,,
20,-20,0,16.444446,,,,
20,-20,0,16.444446,,,,
20,-20,0,16.444446,,,,
20,-20,0,16.444446,,,,
20,-20,0,16.444446,,,,
20,-20,0,16.444446,,,,
20,-20,0,16.444446,,,,
20,-20,0,16.444446,,,,
20,-20,0,16.444446,,,,
20,-20,0,16.444446,,,,
20,-20,0,16.444446,,,,
20,-20,0,16.444446,,,,
20,-20,0,16.444446,,,,
20,-20,0,16.444446,,,,
20,-20,0,16.444446,,,,
20,-20,0,16.444446,,,,
20,-20,0,16.444446,,,,
20,-20,0,16.555557,,,,
20,-20,0,16.555557,,,,
20,-20,0,16.555557,,,,
20,-20,0,16.555557,,,,
20,-20,0,16.555557,,,,
20,-20,0,16.555557,,,,
20,-20,0,16.555557,,,,
20,-20,0,16.555557,,,,
20,-20,0,16.555557,,,,
20,-20,0,16.555557,,,,
20,-20,0,16.555557,,,,
20,-20,0,16.555557,,,,
20,-20,0,16.555557,,,,
20,-20,0,16.555557,,,,
20,-20,0,16.555557,,,,
20,-20,0,16.555557,,,,
20,-20,0,16.555557,,,,
20,-20,0,16.555557,,,,
20,-20,0,16.555557,,,,
20,-20,0,16.555557,,,,
20,-20,0,16.555557,,,,
20,-20,0,16.555557,,,,
20,-20,0,16.555557,,,,
20,-20,0,16.555557,,,,
20,-20,0,16.555557,,,,
20,-20,0,16.555557,,,,
20,-20,0,16.555557,,,,
21,-21,0,16.555557,,,,
21,-21,0,16.555557,,,,
21,-21,0,16.555557,,,,
21,-21,0,16.555557,,,,
21,-21,0,16.666668,,,,
21,-21,0,16.666668,,,,
21,-21,0,16.666668,,,,
21,-21,0,16.666668,,,,
21,-21,0,16.666668,,,,
21,-21,0,16.666668,,,,
21,-21,0,16.666668,,,,
21,-21,0,16.666668,,,,
21,-21,0,16.666668,,,,
21,-21,0,16.666668,,,,
21,-21,0,16.666668,,,,
21,-21,0,16.666668,,,,
21,-21,0,16.666668,,,,
21,-21,0,16.666668,,,,
21,-21,0,16.666668,,,,
21,-21,0,16.666668,,,,
21,-21,0,16.666668,,,,
21,-21,0,16.666668,,,,
21,-21,0,16.666668,,,,
21,-21,0,16.666668,,,,
21,-21,0,16.666668,,,,
21,-21,0,16.666668,,,,
21,-21,0,16.666668,,,,
21,-21,0,16.666668,,,,
21,-21,0,16.666668,,,,
21,-21,0,16.666668,,,,
21,-21,0,16.666668,,,,
21,-21,0,16.666668,,,,
21,-21,0,16.666668,,,,
21,-21,0,16.666668,,,,
21,-21,0,16.666668,,,,
21,-21,0,16.666668,,,,
21,-21,0,16.666668,,,,
21,-21,0,16.722224,,,,
21,-21,0,16.722224,,,,
21,-21,0,16.722224,,,,
21,-21,0,16.722224,,,,
21,-21,0,16.722224,,,,
21,-21,0,16.722224,,,,
21,-21,0,16.722224,,,,
21,-21,0,16.722224,,,,
21,-21,0,16.722224,,,,
21,-21,0,16.722224,,,,
21,-21,0,16.722224,,,,
21,-21,0,16.722224,,,,
21,-21,0,16.722224,,,,
21,-21,0,16.722224,,,,
21,-21,0,16.722224,,,,
21,-21,0,16.722224,,,,
21,-21,0,16.722224,,,,
21,-21,0,16.722224,,,,
21,-21,0,16.722224,,,,
21,-21,0,16.722224,,,,
21,-21,0,16.722224,,,,
21,-21,0,16.722224,,,,
21,-21,0,16.722224,,,,
21,-21,0,16.722224,,,,
21,-21,0,16.722224,,,,
21,-21,0,16.722224,,,,
21,-21,0,16.722224,,,,
21,-21,0,16.722224,,,,
21,-21,0,16.722224,,,,
21,-21,0,16.833335,,,,
21,-21,0,16.833335,,,,
21,-21,0,16.833335,,,,
21,-21,0,16.833335,,,,
21,-21,0,16.833335,,,,
21,-21,0,16.833335,,,,
21,-21,0,16.833335,,,,
21,-21,0,16.833335,,,,
21,-21,0,16.833335,,,,
21,-21,0,16.833335,,,,
21,-21,0,16.833335,,,,
21,-21,0,16.833335,,,,
21,-21,0,16.833335,,,,
21,-21,0,16.833335,,,,
21,-21,0,16.833335,,,,
21,-21,0,16.833335,,,,
21,-21,0,16.833335,,,,
21,-21,0,16.833335,,,,
21,-21,0,16.833335,,,,
21,-21,0,16.833335,,,,
21,-21,0,16.833335,,,,
21,-21,0,16.833335,,,,
21,-21,0,16.833335,,,,
21,-21,0,16.833335,,,,
21,-21,0,16.833335,,,,
21,-21,0,16.833335,,,,
21,-21,0,16.88889,,,,
21,-21,0,16.88889,,,,
21,-21,0,16.88889,,,,
21,-21,0,16.88889,,,,
21,-21,0,16.88889,,,,
21,-21,0,16.88889,,,,
21,-21,0,16.88889,,,,
21,-21,0,16.88889,,,,
21,-21,0,16.88889,,,,
21,-21,0,16.88889,,,,
21,-21,0,16.88889,,,,
21,-21,0,16.88889,,,,
21,-21,0,16.88889,,,,
21,-21,0,16.88889,,,,
21,-21,0,16.88889,,,,
21,-21,0,16.88889,,,,
21,-21,0,16.88889,,,,
21,-21,0,16.88889,,,,
21,-21,0,16.88889,,,,
21,-21,0,16.88889,,,,
21,-21,0,16.88889,,,,
21,-21,0,16.88889,,,,
21,-21,0,16.88889,,,,
21,-21,0,16.88889,,,,
21,-21,0,16.88889,,,,
21,-21,0,16.88889,,,,
21,-21,0,16.88889,,,,
21,-21,0,16.88889,,,,
21,-21,0,16.88889,,,,
21,-21,0,16.88889,,,,
21,-21,0,16.88889,,,,
21,-21,0,16.88889,,,,
21,-21,0,17.000001,,,,
21,-21,0,17.000001,,,,
21,-21,0,17.000001,,,,
21,-21,0,17.000001,,,,
21,-21,0,17.000001,,,,
21,-21,0,17.000001,,,,
21,-21,0,17.000001,,,,
21,-21,0,17.000001,,,,
21,-21,0,17.000001,,,,
21,-21,0,17.000001,,,,
21,-21,0,17.000001,,,,
21,-21,0,17.000001,,,,
21,-21,0,17.000001,,,,
21,-21,0,17.000001,,,,
22,-22,0,17.000001,,,,
22,-22,0,17.000001,,,,
22,-22,0,17.000001,,,,
22,-22,0,17.000001,,,,
22,-22,0,17.000001,,,,
22,-22,0,17.000001,,,,
22,-22,0,17.000001,,,,
22,-22,0,17.000001,,,,
22,-22,0,17.000001,,,,
22,-22,0,17.000001,,,,
22,-22,0,17.000001,,,,
22,-22,0,17.055557,,,,
22,-22,0,17.055557,,,,
22,-22,0,17.055557,,,,
22,-22,0,17.055557,,,,
22,-22,0,17.055557,,,,
22,-22,0,17.055557,,,,
22,-22,0,17.055557,,,,
22,-22,0,17.055557,,,,
22,-22,0,17.055557,,,,
22,-22,0,17.055557,,,,
22,-22,0,17.055557,,,,
22,-22,0,17.055557,,,,
22,-22,0,17.055557,,,,
22,-22,0,17.055557,,,,
22,-22,0,17.055557,,,,
22,-22,0,17.055557,,,,
22,-22,0,17.055557,,,,
22,-22,0,17.055557,,,,
22,-22,0,17.055557,,,,
22,-22,0,17.055557,,,,
22,-22,0,17.055557,,,,
22,-22,0,17.055557,,,,
22,-22,0,17.166668,,,,
22,-22,0,17.166668,,,,
22,-22,0,17.166668,,,,
22,-22,0,17.166668,,,,
22,-22,0,17.166668,,,,
22,-22,0,17.166668,,,,
22,-22,0,17.166668,,,,
22,-22,0,17.166668,,,,
22,-22,0,17.166668,,,,
22,-22,0,17.166668,,,,
22,-22,0,17.166668,,,,
22,-22,0,17.166668,,,,
22,-22,0,17.166668,,,,
22,-22,0,17.166668,,,,
22,-22,0,17.166668,,,,
22,-22,0,17.166668,,,,
22,-22,0,17.166668,,,,
22,-22,0,17.166668,,,,
22,-22,0,17.166668,,,,
22,-22,0,17.166668,,,,
22,-22,0,17.166668,,,,
22,-22,0,17.166668,,,,
22,-22,0,17.166668,,,,
22,-22,0,17.166668,,,,
22,-22,0,17.166668,,,,
22,-22,0,17.166668,,,,
22,-22,0,17.166668,,,,
22,-22,0,17.166668,,,,
22,-22,0,17.166668,,,,
22,-22,0,17.166668,,,,
22,-22,0,17.166668,,,,
22,-22,0,17.277779,,,,
22,-22,0,17.277779,,,,
22,-22,0,17.277779,,,,
22,-22,0,17.277779,,,,
22,-22,0,17.277779,,,,
22,-22,0,17.277779,,,,
22,-22,0,17.277779,,,,
22,-22,0,17.277779,,,,
22,-22,0,17.277779,,,,
22,-22,0,17.277779,,,,
22,-22,0,17.277779,,,,
22,-22,0,17.277779,,,,
22,-22,0,17.277779,,,,
22,-22,0,17.277779,,,,
22,-22,0,17.277779,,,,
22,-22,0,17.277779,,,,
22,-22,0,17.277779,,,,
22,-22,0,17.277779,,,,
22,-22,0,17.277779,,,,
22,-22,0,17.277779,,,,
22,-22,0,17.277779,,,,
22,-22,0,17.277779,,,,
22,-22,0,17.277779,,,,
22,-22,0,17.277779,,,,
22,-22,0,17.277779,,,,
22,-22,0,17.277779,,,,
22,-22,0,17.277779,,,,
22,-22,0,17.277779,,,,
22,-22,0,17.277779,,,,
22,-22,0,17.333335,,,,
22,-22,0,17.333335,,,,
22,-22,0,17.333335,,,,
22,-22,0,17.333335,,,,
22,-22,0,17.333335,,,,
22,-22,0,17.333335,,,,
22,-22,0,17.333335,,,,
22,-22,0,17.333335,,,,
22,-22,0,17.333335,,,,
22,-22,0,17.333335,,,,
22,-22,0,17.333335,,,,
22,-22,0,17.333335,,,,
22,-22,0,17.333335,,,,
22,-22,0,17.333335,,,,
22,-22,0,17.333335,,,,
22,-22,0,17.333335,,,,
22,-22,0,17.333335,,,,
22,-22,0,17.333335,,,,
22,-22,0,17.333335,,,,
22,-22,0,17.333335,,,,
22,-22,0,17.333335,,,,
22,-22,0,17.333335,,,,
22,-22,0,17.333335,,,,
23,-23,0,17.333335,,,,
23,-23,0,17.333335,,,,
23,-23,0,17.333335,,,,
23,-23,0,17.333335,,,,
23,-23,0,17.333335,,,,
23,-23,0,17.333335,,,,
23,-23,0,17.333335,,,,
23,-23,0,17.333335,,,,
23,-23,0,17.333335,,,,
23,-23,0,17.333335,,,,
23,-23,0,17.333335,,,,
23,-23,0,17.333335,,,,
23,-23,0,17.333335,,,,
23,-23,0,17.333335,,,,
23,-23,0,17.333335,,,,
23,-23,0,17.333335,,,,
23,-23,0,17.333335,,,,
23,-23,0,17.333335,,,,
23,-23,0,17.333335,,,,
23,-23,0,17.333335,,,,
23,-23,0,17.333335,,,,
23,-23,0,17.333335,,,,
23,-23,0,17.333335,,,,
23,-23,0,17.333335,,,,
23,-23,0,17.333335,,,,
23,-23,0,17.333335,,,,
23,-23,0,17.333335,,,,
23,-23,0,17.444446,,,,
23,-23,0,17.444446,,,,
23,-23,0,17.444446,,,,
23,-23,0,17.444446,,,,
23,-23,0,17.444446,,,,
23,-23,0,17.444446,,,,
23,-23,0,17.444446,,,,
23,-23,0,17.444446,,,,
23,-23,0,17.444446,,,,
23,-23,0,17.444446,,,,
23,-23,0,17.444446,,,,
23,-23,0,17.444446,,,,
23,-23,0,17.444446,,,,
23,-23,0,17.444446,,,,
23,-23,0,17.444446,,,,
23,-23,0,17.500001,,,,
23,-23,0,17.500001,,,,
23,-23,0,17.500001,,,,
23,-23,0,17.500001,,,,
23,-23,0,17.500001,,,,
23,-23,0,17.500001,,,,
23,-23,0,17.500001,,,,
23,-23,0,17.500001,,,,
23,-23,0,17.500001,,,,
23,-23,0,17.500001,,,,
23,-23,0,17.500001,,,,
23,-23,0,17.500001,,,,
23,-23,0,17.500001,,,,
23,-23,0,17.500001,,,,
23,-23,0,17.500001,,,,
23,-23,0,17.500001,,,,
23,-23,0,17.500001,,,,
23,-23,0,17.500001,,,,
23,-23,0,17.500001,,,,
23,-23,0,17.500001,,,,
23,-23,0,17.500001,,,,
23,-23,0,17.611113,,,,
23,-23,0,17.611113,,,,
23,-23,0,17.611113,,,,
23,-23,0,17.611113,,,,
23,-23,0,17.611113,,,,
23,-23,0,17.611113,,,,
23,-23,0,17.611113,,,,
23,-23,0,17.611113,,,,
23,-23,0,17.611113,,,,
23,-23,0,17.611113,,,,
23,-23,0,17.611113,,,,
23,-23,0,17.611113,,,,
23,-23,0,17.611113,,,,
23,-23,0,17.611113,,,,
23,-23,0,17.611113,,,,
23,-23,0,17.611113,,,,
23,-23,0,17.611113,,,,
23,-23,0,17.611113,,,,
23,-23,0,17.611113,,,,
23,-23,0,17.611113,,,,
23,-23,0,17.611113,,,,
23,-23,0,17.611113,,,,
23,-23,0,17.611113,,,,
23,-23,0,17.611113,,,,
23,-23,0,17.611113,,,,
23,-23,0,17.611113,,,,
23,-23,0,17.722224,,,,
23,-23,0,17.722224,,,,
23,-23,0,17.722224,,,,
23,-23,0,17.722224,,,,
23,-23,0,17.722224,,,,
23,-23,0,17.722224,,,,
23,-23,0,17.722224,,,,
23,-23,0,17.722224,,,,
23,-23,0,17.722224,,,,
23,-23,0,17.722224,,,,
23,-23,0,17.722224,,,,
23,-23,0,17.722224,,,,
23,-23,0,17.722224,,,,
23,-23,0,17.722224,,,,
23.5,-23.5,0,17.722224,,,,
24,-24,0,17.722224,,,,
24,-24,0,17.722224,,,,
24,-24,0,17.722224,,,,
24,-24,0,17.722224,,,,
24,-24,0,17.722224,,,,
24,-24,0,17.722224,,,,
24,-24,0,17.722224,,,,
24,-24,0,17.722224,,,,
24,-24,0,17.722224,,,,
24,-24,0,17.722224,,,,
24,-24,0,17.722224,,,,
24,-24,0,17.722224,,,,
24,-24,0,17.722224,,,,
24,-24,0,17.722224,,,,
24,-24,0,17.722224,,,,
24,-24,0,17.722224,,,,
24,-24,0,17.722224,,,,
24,-24,0,17.722224,,,,
24,-24,0,17.722224,,,,
24,-24,0,17.722224,,,,
24,-24,0,17.722224,,,,
24,-24,0,17.777779,,,,
24,-24,0,17.777779,,,,
24,-24,0,17.777779,,,,
24,-24,0,17.777779,,,,
24,-24,0,17.777779,,,,
24,-24,0,17.777779,,,,
24,-24,0,17.777779,,,,
24,-24,0,17.777779,,,,
24,-24,0,17.777779,,,,
24,-24,0,17.777779,,,,
24,-24,0,17.777779,,,,
24,-24,0,17.777779,,,,
24,-24,0,17.777779,,,,
24,-24,0,17.777779,,,,
24,-24,0,17.777779,,,,
24,-24,0,17.777779,,,,
24,-24,0,17.777779,,,,
24,-24,0,17.777779,,,,
24,-24,0,17.777779,,,,
24,-24,0,17.777779,,,,
24,-24,0,17.777779,,,,
24,-24,0,17.777779,,,,
24,-24,0,17.777779,,,,
24,-24,0,17.777779,,,,
24,-24,0,17.777779,,,,
24,-24,0,17.777779,,,,
24,-24,0,17.777779,,,,
24,-24,0,17.777779,,,,
24,-24,0,17.777779,,,,
24,-24,0,17.777779,,,,
24,-24,0,17.88889,,,,
24,-24,0,17.88889,,,,
24,-24,0,17.88889,,,,
24,-24,0,17.88889,,,,
24,-24,0,17.88889,,,,
24,-24,0,17.88889,,,,
24,-24,0,17.88889,,,,
24,-24,0,17.88889,,,,
24,-24,0,17.88889,,,,
24,-24,0,17.88889,,,,
24,-24,0,17.88889,,,,
24,-24,0,17.88889,,,,
24,-24,0,17.88889,,,,
24,-24,0,17.88889,,,,
24,-24,0,17.88889,,,,
24,-24,0,17.88889,,,,
24,-24,0,17.88889,,,,
24,-24,0,17.88889,,,,
24,-24,0,17.88889,,,,
24,-24,0,17.88889,,,,
24,-24,0,17.944446,,,,
24,-24,0,17.944446,,,,
24,-24,0,17.944446,,,,
24,-24,0,17.944446,,,,
24,-24,0,17.944446,,,,
24,-24,0,17.944446,,,,
24,-24,0,17.944446,,,,
24,-24,0,17.944446,,,,
24,-24,0,17.944446,,,,
24,-24,0,17.944446,,,,
24,-24,0,17.944446,,,,
24,-24,0,17.944446,,,,
24,-24,0,17.944446,,,,
24,-24,0,17.944446,,,,
24,-24,0,17.944446,,,,
24,-24,0,17.944446,,,,
24,-24,0,17.944446,,,,
24,-24,0,17.944446,,,,
24,-24,0,17.944446,,,,
24,-24,0,17.944446,,,,
24,-24,0,17.944446,,,,
24,-24,0,17.944446,,,,
24,-24,0,17.944446,,,,
24,-24,0,17.944446,,,,
24,-24,0,17.944446,,,,
25,-25,0,17.944446,,,,
25,-25,0,17.944446,,,,
25,-25,0,17.944446,,,,
25,-25,0,18.055557,,,,
25,-25,0,18.055557,,,,
25,-25,0,18.055557,,,,
25,-25,0,18.055557,,,,
25,-25,0,18.055557,,,,
25,-25,0,18.055557,,,,
25,-25,0,18.055557,,,,
25,-25,0,18.055557,,,,
25,-25,0,18.055557,,,,
25,-25,0,18.055557,,,,
25,-25,0,18.055557,,,,
25,-25,0,18.055557,,,,
25,-25,0,18.055557,,,,
25,-25,0,18.055557,,,,
25,-25,0,18.055557,,,,
25,-25,0,18.055557,,,,
25,-25,0,18.055557,,,,
25,-25,0,18.055557,,,,
25,-25,0,18.055557,,,,
25,-25,0,18.055557,,,,
25,-25,0,18.055557,,,,
25,-25,0,18.055557,,,,
25,-25,0,18.055557,,,,
25,-25,0,18.055557,,,,
25,-25,0,18.166668,,,,
25,-25,0,18.166668,,,,
25,-25,0,18.166668,,,,
25,-25,0,18.166668,,,,
25,-25,0,18.166668,,,,
25,-25,0,18.166668,,,,
25,-25,0,18.166668,,,,
25,-25,0,18.166668,,,,
25,-25,0,18.166668,,,,
25,-25,0,18.166668,,,,
25,-25,0,18.166668,,,,
25,-25,0,18.166668,,,,
25,-25,0,18.166668,,,,
25,-25,0,18.166668,,,,
25,-25,0,18.166668,,,,
25,-25,0,18.166668,,,,
25,-25,0,18.166668,,,,
25,-25,0,18.166668,,,,
25,-25,0,18.166668,,,,
25,-25,0,18.166668,,,,
25,-25,0,18.166668,,,,
25,-25,0,18.166668,,,,
25,-25,0,18.222224,,,,
25,-25,0,18.222224,,,,
25,-25,0,18.222224,,,,
25,-25,0,18.222224,,,,
25,-25,0,18.222224,,,,
25,-25,0,18.222224,,,,
25,-25,0,18.222224,,,,
25,-25,0,18.222224,,,,
25,-25,0,18.222224,,,,
25,-25,0,18.222224,,,,
25,-25,0,18.222224,,,,
25,-25,0,18.222224,,,,
25,-25,0,18.222224,,,,
25,-25,0,18.222224,,,,
25,-25,0,18.222224,,,,
25,-25,0,18.222224,,,,
25,-25,0,18.222224,,,,
25,-25,0,18.222224,,,,
25,-25,0,18.222224,,,,
25,-25,0,18.222224,,,,
25,-25,0,18.333335,,,,
25,-25,0,18.333335,,,,
25,-25,0,18.333335,,,,
25,-25,0,18.333335,,,,
25,-25,0,18.333335,,,,
25,-25,0,18.333335,,,,
25,-25,0,18.333335,,,,
25,-25,0,18.333335,,,,
25,-25,0,18.333335,,,,
25,-25,0,18.333335,,,,
25,-25,0,18.333335,,,,
25,-25,0,18.333335,,,,
25,-25,0,18.333335,,,,
26,-26,0,18.333335,,,,
26,-26,0,18.333335,,,,
26,-26,0,18.333335,,,,
26,-26,0,18.333335,,,,
26,-26,0,18.333335,,,,
26,-26,0,18.333335,,,,
26,-26,0,18.333335,,,,
26,-26,0,18.333335,,,,
26,-26,0,18.333335,,,,
26,-26,0,18.333335,,,,
26,-26,0,18.333335,,,,
26,-26,0,18.333335,,,,
26,-26,0,18.333335,,,,
26,-26,0,18.333335,,,,
26,-26,0,18.333335,,,,
26,-26,0,18.444446,,,,
26,-26,0,18.444446,,,,
26,-26,0,18.444446,,,,
26,-26,0,18.444446,,,,
26,-26,0,18.444446,,,,
26,-26,0,18.444446,,,,
26,-26,0,18.444446,,,,
26,-26,0,18.444446,,,,
26,-26,0,18.444446,,,,
26,-26,0,18.444446,,,,
26,-26,0,18.444446,,,,
26,-26,0,18.444446,,,,
26,-26,0,18.444446,,,,
26,-26,0,18.444446,,,,
26,-26,0,18.444446,,,,
26,-26,0,18.444446,,,,
26,-26,0,18.444446,,,,
26,-26,0,18.444446,,,,
26,-26,0,18.444446,,,,
26,-26,0,18.444446,,,,
26,-26,0,18.444446,,,,
26,-26,0,18.444446,,,,
26,-26,0,18.444446,,,,
26,-26,0,18.444446,,,,
26,-26,0,18.500001,,,,
26,-26,0,18.500001,,,,
26,-26,0,18.500001,,,,
26,-26,0,18.500001,,,,
26,-26,0,18.500001,,,,
26,-26,0,18.500001,,,,
26,-26,0,18.500001,,,,
26,-26,0,18.500001,,,,
26,-26,0,18.500001,,,,
26,-26,0,18.500001,,,,
26,-26,0,18.500001,,,,
26,-26,0,18.500001,,,,
26,-26,0,18.500001,,,,
26,-26,0,18.500001,,,,
26,-26,0,18.500001,,,,
26,-26,0,18.500001,,,,
26,-26,0,18.500001,,,,
26,-26,0,18.500001,,,,
26,-26,0,18.500001,,,,
26,-26,0,18.500001,,,,
26,-26,0,18.500001,,,,
26,-26,0,18.500001,,,,
26,-26,0,18.500001,,,,
26,-26,0,18.500001,,,,
26,-26,0,18.500001,,,,
27,-27,0,18.500001,,,,
27,-27,0,18.611113,,,,
27,-27,0,18.611113,,,,
27,-27,0,18.611113,,,,
27,-27,0,18.611113,,,,
27,-27,0,18.611113,,,,
27,-27,0,18.611113,,,,
27,-27,0,18.611113,,,,
27,-27,0,18.611113,,,,
27,-27,0,18.611113,,,,
27,-27,0,18.611113,,,,
27,-27,0,18.611113,,,,
27,-27,0,18.611113,,,,
27,-27,0,18.611113,,,,
27,-27,0,18.611113,,,,
27,-27,0,18.611113,,,,
27,-27,0,18.611113,,,,
27,-27,0,18.611113,,,,
27,-27,0,18.611113,,,,
27,-27,0,18.611113,,,,
27,-27,0,18.611113,,,,
27,-27,0,18.611113,,,,
27,-27,0,18.666668,,,,
27,-27,0,18.666668,,,,
27,-27,0,18.666668,,,,
27,-27,0,18.666668,,,,
27,-27,0,18.666668,,,,
27,-27,0,18.666668,,,,
27,-27,0,18.666668,,,,
27,-27,0,18.666668,,,,
27,-27,0,18.666668,,,,
27,-27,0,18.666668,,,,
27,-27,0,18.666668,,,,
27,-27,0,18.666668,,,,
27,-27,0,18.666668,,,,
27,-27,0,18.666668,,,,
27,-27,0,18.666668,,,,
27,-27,0,18.666668,,,,
27,-27,0,18.666668,,,,
27,-27,0,18.666668,,,,
27,-27,0,18.666668,,,,
27,-27,0,18.666668,,,,
27,-27,0,18.777779,,,,
27,-27,0,18.777779,,,,
27,-27,0,18.777779,,,,
27,-27,0,18.777779,,,,
27,-27,0,18.777779,,,,
27,-27,0,18.777779,,,,
27,-27,0,18.777779,,,,
27,-27,0,18.777779,,,,
28,-28,0,18.777779,,,,
28,-28,0,18.777779,,,,
28,-28,0,18.777779,,,,
28,-28,0,18.777779,,,,
28,-28,0,18.777779,,,,
28,-28,0,18.777779,,,,
28,-28,0,18.777779,,,,
28,-28,0,18.777779,,,,
28,-28,0,18.777779,,,,
28,-28,0,18.777779,,,,
28,-28,0,18.777779,,,,
28,-28,0,18.777779,,,,
28,-28,0,18.777779,,,,
28,-28,0,18.777779,,,,
28,-28,0,18.777779,,,,
28,-28,0,18.777779,,,,
28,-28,0,18.88889,,,,
28,-28,0,18.88889,,,,
28,-28,0,18.88889,,,,
28,-28,0,18.88889,,,,
28,-28,0,18.88889,,,,
28,-28,0,18.88889,,,,
28,-28,0,18.88889,,,,
28,-28,0,18.88889,,,,
28,-28,0,18.88889,,,,
28,-28,0,18.88889,,,,
28,-28,0,18.88889,,,,
28,-28,0,18.88889,,,,
28,-28,0,18.88889,,,,
29,-29,0,18.88889,,,,
29,-29,0,18.88889,,,,
29,-29,0,18.88889,,,,
29,-29,0,18.88889,,,,
29,-29,0,18.88889,,,,
29,-29,0,18.944446,,,,
29,-29,0,18.944446,,,,
29,-29,0,18.944446,,,,
29,-29,0,18.944446,,,,
29,-29,0,18.944446,,,,
29,-29,0,18.944446,,,,
29,-29,0,18.944446,,,,
29,-29,0,18.944446,,,,
29,-29,0,18.944446,,,,
29,-29,0,18.944446,,,,
29,-29,0,18.944446,,,,
29,-29,0,18.944446,,,,
29,-29,0,18.944446,,,,
29,-29,0,18.944446,,,,
29,-29,0,18.944446,,,,
29,-29,0,18.944446,,,,
29,-29,0,18.944446,,,,
29,-29,0,18.944446,,,,
29,-29,0,18.944446,,,,
29,-29,0,18.944446,,,,
29,-29,0,19.055557,,,,
29,-29,0,19.055557,,,,
29,-29,0,19.055557,,,,
29,-29,0,19.055557,,,,
29,-29,0,19.055557,,,,
29,-29,0,19.055557,,,,
29,-29,0,19.055557,,,,
30,-30,0,19.055557,,,,
30,-30,0,19.055557,,,,
30,-30,0,19.055557,,,,
30,-30,0,19.055557,,,,
30,-30,0,19.055557,,,,
30,-30,0,19.055557,,,,
30,-30,0,19.055557,,,,
30,-30,0,19.055557,,,,
30,-30,0,19.055557,,,,
30,-30,0,19.055557,,,,
30,-30,0,19.055557,,,,
30,-30,0,19.055557,,,,
30,-30,0,19.055557,,,,
30,-30,0,19.055557,,,,
30,-30,0,19.055557,,,,
30,-30,0,19.055557,,,,
30,-30,0,19.055557,,,,
30,-30,0,19.055557,,,,
30,-30,0,19.055557,,,,
30,-30,0,19.055557,,,,
30,-30,0,19.055557,,,,
30,-30,0,19.055557,,,,
30,-30,0,19.055557,,,,
30,-30,0,19.111113,,,,
30,-30,0,19.111113,,,,
30,-30,0,19.111113,,,,
30,-30,0,19.111113,,,,
30,-30,0,19.111113,,,,
30,-30,0,19.111113,,,,
30,-30,0,19.111113,,,,
30,-30,0,19.111113,,,,
30,-30,0,19.111113,,,,
30,-30,0,19.111113,,,,
30,-30,0,19.111113,,,,
30,-30,0,19.111113,,,,
30,-30,0,19.111113,,,,
30,-30,0,19.111113,,,,
30,-30,0,19.111113,,,,
31,-31,0,19.111113,,,,
31,-31,0,19.111113,,,,
31,-31,0,19.111113,,,,
31,-31,0,19.111113,,,,
31,-31,0,19.111113,,,,
31,-31,0,19.111113,,,,
31,-31,0,19.111113,,,,
31,-31,0,19.111113,,,,
31,-31,0,19.111113,,,,
31,-31,0,19.111637,,,,
31,-31,0,19.222224,,,,
31,-31,0,19.222224,,,,
31,-31,0,19.222224,,,,
31,-31,0,19.222224,,,,
31,-31,0,19.222224,,,,
31,-31,0,19.222224,,,,
31,-31,0,19.222224,,,,
31,-31,0,19.222224,,,,
31,-31,0,19.222224,,,,
32,-32,0,19.222224,,,,
32,-32,0,19.222224,,,,
32,-32,0,19.222224,,,,
32,-32,0,19.222224,,,,
32,-32,0,19.222224,,,,
32,-32,0,19.222224,,,,
32,-32,0,19.333335,,,,
32,-32,0,19.333335,,,,
32,-32,0,19.333335,,,,
32,-32,0,19.333335,,,,
32,-32,0,19.333335,,,,
32,-32,0,19.333335,,,,
32,-32,0,19.333335,,,,
32,-32,0,19.333335,,,,
32,-32,0,19.333335,,,,
32,-32,0,19.333335,,,,
32,-32,0,19.333335,,,,
32,-32,0,19.333335,,,,
32,-32,0,19.333335,,,,
33,-33,0,19.333335,,,,
33,-33,0,19.333335,,,,
33,-33,0,19.333335,,,,
33,-33,0,19.333335,,,,
33,-33,0,19.333335,,,,
33,-33,0,19.333335,,,,
33,-33,0,19.333335,,,,
33,-33,0,19.333335,,,,
33,-33,0,19.38889,,,,
33,-33,0,19.38889,,,,
33,-33,0,19.38889,,,,
33,-33,0,19.38889,,,,
33,-33,0,19.38889,,,,
33,-33,0,19.38889,,,,
33,-33,0,19.38889,,,,
33,-33,0,19.38889,,,,
33,-33,0,19.38889,,,,
33,-33,0,19.38889,,,,
33,-33,0,19.38889,,,,
33,-33,0,19.38889,,,,
33,-33,0,19.38889,,,,
33,-33,0,19.38889,,,,
33,-33,0,19.38889,,,,
33,-33,0,19.38889,,,,
33,-33,0,19.38889,,,,
33,-33,0,19.38889,,,,
34,-34,0,19.38889,,,,
34,-34,0,19.38889,,,,
34,-34,0,19.38889,,,,
34,-34,0,19.38889,,,,
34,-34,0,19.38889,,,,
34,-34,0,19.500002,,,,
34,-34,0,19.500002,,,,
34,-34,0,19.500002,,,,
34,-34,0,19.500002,,,,
34,-34,0,19.500002,,,,
34,-34,0,19.500002,,,,
34,-34,0,19.500002,,,,
34,-34,0,19.500002,,,,
34,-34,0,19.500002,,,,
34,-34,0,19.500002,,,,
34,-34,0,19.500002,,,,
34,-34,0,19.500002,,,,
34,-34,0,19.500002,,,,
34,-34,0,19.500002,,,,
34,-34,0,19.500002,,,,
34,-34,0,19.500002,,,,
34,-34,0,19.500002,,,,
34,-34,0,19.500002,,,,
34,-34,0,19.500002,,,,
34,-34,0,19.500002,,,,
34,-34,0,19.500002,,,,
35,-35,0,19.500002,,,,
35,-35,0,19.500002,,,,
35,-35,0,19.500002,,,,
35,-35,0,19.500002,,,,
35,-35,0,19.500002,,,,
35,-35,0,19.611113,,,,
35,-35,0,19.611113,,,,
35,-35,0,19.611113,,,,
35,-35,0,19.611113,,,,
35,-35,0,19.611113,,,,
35,-35,0,19.611113,,,,
35,-35,0,19.611113,,,,
35,-35,0,19.611113,,,,
35,-35,0,19.611113,,,,
35,-35,0,19.611113,,,,
35,-35,0,19.611113,,,,
35,-35,0,19.611113,,,,
35,-35,0,19.611113,,,,
35,-35,0,19.611113,,,,
35,-35,0,19.611113,,,,
35,-35,0,19.611113,,,,
36,-36,0,19.611113,,,,
36,-36,0,19.611113,,,,
36,-36,0,19.611113,,,,
36,-36,0,19.611113,,,,
36,-36,0,19.666668,,,,
36,-36,0,19.666668,,,,
36,-36,0,19.666668,,,,
36,-36,0,19.666668,,,,
36,-36,0,19.666668,,,,
36,-36,0,19.666668,,,,
36,-36,0,19.666668,,,,
36,-36,0,19.666668,,,,
36,-36,0,19.666668,,,,
36,-36,0,19.666668,,,,
36,-36,0,19.666668,,,,
36,-36,0,19.666668,,,,
36,-36,0,19.666668,,,,
37,-37,0,19.666668,,,,
37,-37,0,19.666668,,,,
37,-37,0,19.666668,,,,
37,-37,0,19.666668,,,,
37,-37,0,19.666668,,,,
37,-37,0,19.666668,,,,
37,-37,0,19.666668,,,,
37,-37,0,19.666668,,,,
37,-37,0,19.666668,,,,
37,-37,0,19.666668,,,,
37,-37,0,19.666668,,,,
37,-37,0,19.777779,,,,
37,-37,0,19.777779,,,,
37,-37,0,19.777779,,,,
37,-37,0,19.777779,,,,
37,-37,0,19.777779,,,,
37,-37,0,19.777779,,,,
37,-37,0,19.777779,,,,
37,-37,0,19.777779,,,,
38,-38,0,19.777779,,,,
38,-38,0,19.777779,,,,
38,-38,0,19.777779,,,,
38,-38,0,19.777779,,,,
38,-38,0,19.777779,,,,
38,-38,0,19.777779,,,,
38,-38,0,19.777779,,,,
38,-38,0,19.777779,,,,
38,-38,0,19.777779,,,,
38,-38,0,19.777779,,,,
38,-38,0,19.777779,,,,
38,-38,0,19.777779,,,,
38,-38,0,19.777779,,,,
38,-38,0,19.88889,,,,
38,-38,0,19.88889,,,,
38,-38,0,19.88889,,,,
38,-38,0,19.88889,,,,
38,-38,0,19.88889,,,,
38,-38,0,19.88889,,,,
38,-38,0,19.88889,,,,
38,-38,0,19.88889,,,,
39,-39,0,19.88889,,,,
39,-39,0,19.88889,,,,
39,-39,0,19.88889,,,,
39,-39,0,19.88889,,,,
39,-39,0,19.88889,,,,
39,-39,0,19.88889,,,,
39,-39,0,19.88889,,,,
39,-39,0,19.944446,,,,
39,-39,0,19.944446,,,,
39,-39,0,19.944446,,,,
39,-39,0,19.944446,,,,
39,-39,0,19.944446,,,,
39,-39,0,19.944446,,,,
39,-39,0,19.944446,,,,
39,-39,0,19.944446,,,,
39,-39,0,19.944446,,,,
39,-39,0,19.944446,,,,
39,-39,0,19.944446,,,,
39,-39,0,19.944446,,,,
39,-39,0,20.055557,,,,
39,-39,0,20.055557,,,,
40,-40,0,20.055557,,,,
40,-40,0,20.055557,,,,
40,-40,0,20.055557,,,,
40,-40,0,20.055557,,,,
40,-40,0,20.055557,,,,
40,-40,0,20.055557,,,,
40,-40,0,20.055557,,,,
40,-40,0,20.055557,,,,
40,-40,0,20.055557,,,,
40,-40,0,20.055557,,,,
40,-40,0,20.055557,,,,
40,-40,0,20.055557,,,,
40,-40,0,20.055557,,,,
40,-40,0,20.055557,,,,
40,-40,0,20.055557,,,,
40,-40,0,20.055557,,,,
41,-41,0,20.055557,,,,
41,-41,0,20.055557,,,,
41,-41,0,20.055557,,,,
41,-41,0,20.055557,,,,
41,-41,0,20.166668,,,,
41,-41,0,20.166668,,,,
41,-41,0,20.166668,,,,
41,-41,0,20.166668,,,,
41,-41,0,20.166668,,,,
41,-41,0,20.166668,,,,
41,-41,0,20.166668,,,,
41,-41,0,20.166668,,,,
41,-41,0,20.166668,,,,
41,-41,0,20.166668,,,,
41,-41,0,20.166668,,,,
41,-41,0,20.166668,,,,
41,-41,0,20.166668,,,,
41,-41,0,20.166668,,,,
41,-41,0,20.166668,,,,
41,-41,0,20.166668,,,,
41,-41,0,20.166668,,,,
42,-42,0,20.166668,,,,
42,-42,0,20.166668,,,,
42,-42,0,20.166668,,,,
42,-42,0,20.222224,,,,
42,-42,0,20.222224,,,,
42,-42,0,20.222224,,,,
42,-42,0,20.222224,,,,
42,-42,0,20.222224,,,,
42,-42,0,20.222224,,,,
42,-42,0,20.222224,,,,
42,-42,0,20.222224,,,,
42,-42,0,20.222224,,,,
42,-42,0,20.222224,,,,
42,-42,0,20.222224,,,,
43,-43,0,20.222224,,,,
43,-43,0,20.222224,,,,
43,-43,0,20.222224,,,,
43,-43,0,20.222224,,,,
43,-43,0,20.222224,,,,
43,-43,0,20.222224,,,,
43,-43,0,20.222224,,,,
43,-43,0,20.222224,,,,
43,-43,0,20.222224,,,,
43,-43,0,20.222224,,,,
43,-43,0,20.222224,,,,
43,-43,0,20.222224,,,,
43,-43,0,20.333335,,,,
43,-43,0,20.333335,,,,
43,-43,0,20.333335,,,,
43,-43,0,20.333335,,,,
43,-43,0,20.333335,,,,
43,-43,0,20.333335,,,,
43,-43,0,20.333335,,,,
44,-44,0,20.333335,,,,
44,-44,0,20.333335,,,,
44,-44,0,20.333335,,,,
44,-44,0,20.333335,,,,
44,-44,0,20.333335,,,,
44,-44,0,20.333335,,,,
44,-44,0,20.333335,,,,
44,-44,0,20.333335,,,,
44,-44,0,20.333335,,,,
44,-44,0,20.444446,,,,
44,-44,0,20.444446,,,,
44,-44,0,20.444446,,,,
44,-44,0,20.444446,,,,
45,-45,0,20.444446,,,,
45,-45,0,20.444446,,,,
45,-45,0,20.444446,,,,
45,-45,0,20.444446,,,,
45,-45,0,20.444446,,,,
45,-45,0,20.444446,,,,
45,-45,0,20.444446,,,,
45,-45,0,20.444446,,,,
45,-45,0,20.444446,,,,
45,-45,0,20.444446,,,,
45,-45,0,20.444446,,,,
45,-45,0,20.444446,,,,
45,-45,0,20.444446,,,,
45,-45,0,20.444446,,,,
45,-45,0,20.444446,,,,
45,-45,0,20.444446,,,,
46,-46,0,20.500002,,,,
46,-46,0,20.500002,,,,
46,-46,0,20.500002,,,,
46,-46,0,20.500002,,,,
46,-46,0,20.500002,,,,
46,-46,0,20.500002,,,,
46,-46,0,20.500002,,,,
46,-46,0,20.500002,,,,
46,-46,0,20.500002,,,,
46,-46,0,20.500002,,,,
46,-46,0,20.500002,,,,
46,-46,0,20.500002,,,,
46,-46,0,20.500002,,,,
46,-46,0,20.500002,,,,
46,-46,0,20.500002,,,,
46,-46,0,20.500002,,,,
46,-46,0,20.500002,,,,
46,-46,0,20.611113,,,,
47,-47,0,20.611113,,,,
47,-47,0,20.611113,,,,
47,-47,0,20.611113,,,,
47,-47,0,20.611113,,,,
47,-47,0,20.611113,,,,
47,-47,0,20.611113,,,,
47,-47,0,20.611113,,,,
47,-47,0,20.611113,,,,
47,-47,0,20.611113,,,,
47,-47,0,20.611113,,,,
47,-47,0,20.611113,,,,
47,-47,0,20.611113,,,,
47,-47,0,20.611113,,,,
47,-47,0,20.611113,,,,
47,-47,0,20.611113,,,,
47,-47,0,20.611113,,,,
48,-48,0,20.611113,,,,
48,-48,0,20.611113,,,,
48,-48,0,20.611113,,,,
48,-48,0,20.611113,,,,
48,-48,0,20.611113,,,,
48,-48,0,20.611113,,,,
48,-48,0,20.722224,,,,
48,-48,0,20.722224,,,,
48,-48,0,20.722224,,,,
48,-48,0,20.722224,,,,
48,-48,0,20.722224,,,,
48,-48,0,20.722224,,,,
48,-48,0,20.722224,,,,
48,-48,0,20.722224,,,,
48,-48,0,20.722224,,,,
48,-48,0,20.722224,,,,
48,-48,0,20.722224,,,,
48,-48,0,20.722224,,,,
48,-48,0,20.722224,,,,
49,-49,0,20.722224,,,,
49,-49,0,20.777779,,,,
49,-49,0,20.777779,,,,
49,-49,0,20.777779,,,,
49,-49,0,20.777779,,,,
49,-49,0,20.777779,,,,
49,-49,0,20.777779,,,,
49,-49,0,20.777779,,,,
49,-49,0,20.777779,,,,
49,-49,0,20.777779,,,,
49,-49,0,20.777779,,,,
49,-49,0,20.777779,,,,
49,-49,0,20.777779,,,,
49,-49,0,20.777779,,,,
49,-49,0,20.777779,,,,
49,-49,0,20.777779,,,,
49,-49,0,20.777779,,,,
49,-49,0,20.777779,,,,
50,-50,0,20.777779,,,,
50,-50,0,20.777779,,,,
50,-50,0,20.777779,,,,
50,-50,0,20.777779,,,,
50,-50,0,20.888891,,,,
50,-50,0,20.888891,,,,
50,-50,0,20.888891,,,,
50,-50,0,20.888891,,,,
50,-50,0,20.888891,,,,
50,-50,0,20.888891,,,,
50,-50,0,20.888891,,,,
50,-50,0,20.888891,,,,
50,-50,0,20.888891,,,,
50,-50,0,20.888891,,,,
50,-50,0,20.888891,,,,
50,-50,0,20.888891,,,,
51,-51,0,20.888891,,,,
51,-51,0,20.888891,,,,
51,-51,0,20.888891,,,,
51,-51,0,20.888891,,,,
51,-51,0,20.888891,,,,
51,-51,0,20.888891,,,,
51,-51,0,20.888891,,,,
51,-51,0,20.888891,,,,
51,-51,0,20.888891,,,,
51,-51,0,20.888891,,,,
51,-51,0,20.888891,,,,
51,-51,0,20.888891,,,,
51,-51,0,20.888891,,,,
51,-51,0,20.888891,,,,
51,-51,0,21.000002,,,,
51,-51,0,21.000002,,,,
52,-52,0,21.000002,,,,
52,-52,0,21.000002,,,,
52,-52,0,21.000002,,,,
52,-52,0,21.000002,,,,
52,-52,0,21.000002,,,,
52,-52,0,21.000002,,,,
52,-52,0,21.000002,,,,
52,-52,0,21.000002,,,,
52,-52,0,21.000002,,,,
53,-53,0,21.000002,,,,
53,-53,0,21.000002,,,,
53,-53,0,21.000002,,,,
53,-53,0,21.000002,,,,
53,-53,0,21.000002,,,,
53,-53,0,21.000002,,,,
53,-53,0,21.000002,,,,
53,-53,0,21.000002,,,,
53,-53,0,21.000002,,,,
53,-53,0,21.000002,,,,
53,-53,0,21.000002,,,,
53,-53,0,21.000002,,,,
54,-54,0,21.055557,,,,
54,-54,0,21.055557,,,,
54,-54,0,21.055557,,,,
54,-54,0,21.055557,,,,
54,-54,0,21.055557,,,,
54,-54,0,21.055557,,,,
54,-54,0,21.055557,,,,
54,-54,0,21.055557,,,,
54,-54,0,21.055557,,,,
54,-54,0,21.055557,,,,
54,-54,0,21.055557,,,,
54,-54,0,21.055557,,,,
54,-54,0,21.055557,,,,
54,-54,0,21.055557,,,,
54,-54,0,21.055557,,,,
54,-54,0,21.166668,,,,
54,-54,0,21.166668,,,,
55,-55,0,21.166668,,,,
55,-55,0,21.166668,,,,
55,-55,0,21.166668,,,,
55,-55,0,21.166668,,,,
55,-55,0,21.166668,,,,
55,-55,0,21.166668,,,,
55,-55,0,21.166668,,,,
55,-55,0,21.166668,,,,
55,-55,0,21.166668,,,,
55,-55,0,21.166668,,,,
55,-55,0,21.166668,,,,
55,-55,0,21.277779,,,,
55,-55,0,21.277779,,,,
56,-56,0,21.277779,,,,
56,-56,0,21.277779,,,,
56,-56,0,21.277779,,,,
56,-56,0,21.277779,,,,
56,-56,0,21.277779,,,,
56,-56,0,21.277779,,,,
56,-56,0,21.277779,,,,
56,-56,0,21.277779,,,,
56,-56,0,21.277779,,,,
56,-56,0,21.277779,,,,
56,-56,0,21.277779,,,,
56,-56,0,21.277779,,,,
56,-56,0,21.277779,,,,
56,-56,0,21.277779,,,,
57,-57,0,21.277779,,,,
57,-57,0,21.277779,,,,
57,-57,0,21.277779,,,,
57,-57,0,21.333335,,,,
57,-57,0,21.333335,,,,
57,-57,0,21.333335,,,,
57,-57,0,21.333335,,,,
57,-57,0,21.333335,,,,
57,-57,0,21.333335,,,,
57,-57,0,21.333335,,,,
58,-58,0,21.333335,,,,
58,-58,0,21.333335,,,,
58,-58,0,21.333335,,,,
58,-58,0,21.333335,,,,
58,-58,0,21.333335,,,,
58,-58,0,21.333335,,,,
58,-58,0,21.333335,,,,
58,-58,0,21.333335,,,,
58,-58,0,21.333335,,,,
58,-58,0,21.333335,,,,
59,-59,0,21.333335,,,,
59,-59,0,21.444446,,,,
59,-59,0,21.444446,,,,
59,-59,0,21.444446,,,,
59,-59,0,21.444446,,,,
59,-59,0,21.444446,,,,
59,-59,0,21.444446,,,,
59,-59,0,21.444446,,,,
59,-59,0,21.444446,,,,
59,-59,0,21.444446,,,,
59,-59,0,21.444446,,,,
59,-59,0,21.444446,,,,
59,-59,0,21.444446,,,,
59,-59,0,21.444446,,,,
59,-59,0,21.444446,,,,
60,-60,0,21.555557,,,,
60,-60,0,21.555557,,,,
60,-60,0,21.555557,,,,
60,-60,0,21.555557,,,,
60,-60,0,21.555557,,,,
60,-60,0,21.555557,,,,
60,-60,0,21.555557,,,,
60,-60,0,21.555557,,,,
60,-60,0,21.555557,,,,
60,-60,0,21.555557,,,,
60,-60,0,21.555557,,,,
60,-60,0,21.555557,,,,
60,-60,0,21.555557,,,,
61,-61,0,21.555557,,,,
61,-61,0,21.611113,,,,
61,-61,0,21.611113,,,,
61,-61,0,21.611113,,,,
61,-61,0,21.611113,,,,
61,-61,0,21.611113,,,,
61,-61,0,21.611113,,,,
61,-61,0,21.611113,,,,
61,-61,0,21.611113,,,,
61,-61,0,21.611113,,,,
61,-61,0,21.722224,,,,
61,-61,0,21.722224,,,,
61,-61,0,21.722224,,,,
62,-62,0,21.722224,,,,
62,-62,0,21.722224,,,,
62,-62,0,21.722224,,,,
62,-62,0,21.722224,,,,
62,-62,0,21.833335,,,,
63,-63,0,21.833335,,,,
63,-63,0,21.833335,,,,
63,-63,0,21.833335,,,,
63,-63,0,21.833335,,,,
63,-63,0,21.833335,,,,
63,-63,0,21.833335,,,,
63,-63,0,21.833335,,,,
64,-64,0,21.833335,,,,
64,-64,0,21.833335,,,,
64,-64,0,21.833335,,,,
64,-64,0,21.944446,,,,
64,-64,0,21.944446,,,,
64,-64,0,21.944446,,,,
64,-64,0,21.944446,,,,
64,-64,0,21.944446,,,,
65,-65,0,21.944446,,,,
65,-65,0,21.944446,,,,
65,-65,0,21.944446,,,,
65,-65,0,22.000002,,,,
65,-65,0,22.000002,,,,
65,-65,0,22.000002,,,,
65,-65,0,22.000002,,,,
65,-65,0,22.000002,,,,
66,-66,0,22.000002,,,,
66,-66,0,22.000002,,,,
66,-66,0,22.000002,,,,
66,-66,0,22.111113,,,,
66,-66,0,22.111113,,,,
66,-66,0,22.111113,,,,
66,-66,0,22.111113,,,,
66,-66,0,22.111113,,,,
66,-66,0,22.111113,,,,
66,-66,0,22.111113,,,,
67,-67,0,22.111113,,,,
67,-67,0,22.111113,,,,
67,-67,0,22.222224,,,,
67,-67,0,22.222224,,,,
67,-67,0,22.222224,,,,
67,-67,0,22.222224,,,,
67,-67,0,22.222224,,,,
67,-67,0,22.222224,,,,
67,-67,0,22.222224,,,,
67,-67,0,22.222224,,,,
67,-67,0,22.222224,,,,
67,-67,0,22.222224,,,,
67,-67,0,22.222224,,,,
68,-68,0,22.222224,,,,
68,-68,0,22.222224,,,,
68,-68,0,22.27778,,,,
68,-68,0,22.27778,,,,
68,-68,0,22.27778,,,,
68,-68,0,22.27778,,,,
68,-68,0,22.27778,,,,
68,-68,0,22.27778,,,,
69,-69,0,22.27778,,,,
69,-69,0,22.27778,,,,
69,-69,0,22.388891,,,,
69,-69,0,22.388891,,,,
69,-69,0,22.388891,,,,
69,-69,0,22.388891,,,,
69,-69,0,22.388891,,,,
69,-69,0,22.388891,,,,
69,-69,0,22.388891,,,,
69,-69,0,22.388891,,,,
70,-70,0,22.388891,,,,
70,-70,0,22.444353,,,,
70,-70,0,22.500002,,,,
70,-70,0,22.500002,,,,
70,-70,0,22.500002,,,,
70,-70,0,22.500002,,,,
70,-70,0,22.500002,,,,
70,-70,0,22.500002,,,,
70,-70,0,22.500002,,,,
70,-70,0,22.500002,,,,
70,-70,0,22.500002,,,,
70,-70,0,22.500002,,,,
70,-70,0,22.611113,,,,
71,-71,0,22.611113,,,,
71,-71,0,22.611113,,,,
71,-71,0,22.611113,,,,
71,-71,0,22.611113,,,,
71,-71,0,22.611113,,,,
71,-71,0,22.611113,,,,
71,-71,0,22.611113,,,,
71,-71,0,22.666668,,,,
71,-71,0,22.666668,,,,
71,-71,0,22.666668,,,,
72,-72,0,22.666668,,,,
72,-72,0,22.666668,,,,
72,-72,0,22.666668,,,,
72,-72,0,22.666668,,,,
72,-72,0,22.666668,,,,
72,-72,0,22.666668,,,,
72,-72,0,22.666668,,,,
72,-72,0,22.666668,,,,
72,-72,0,22.77778,,,,
72,-72,0,22.77778,,,,
72,-72,0,22.77778,,,,
73,-73,0,22.77778,,,,
73,-73,0,22.77778,,,,
73,-73,0,22.888891,,,,
74,-74,0,22.888891,,,,
74,-74,0,22.888891,,,,
74,-74,0,22.888891,,,,
74,-74,0,22.888891,,,,
74,-74,0,22.888891,,,,
74,-74,0,22.888891,,,,
74,-74,0,22.888891,,,,
74,-74,0,22.888891,,,,
74,-74,0,22.888891,,,,
75,-75,0,22.944446,,,,
75,-75,0,22.944446,,,,
75,-75,0,22.944446,,,,
75,-75,0,22.944446,,,,
75,-75,0,22.944446,,,,
75,-75,0,23.055557,,,,
75,-75,0,23.055557,,,,
76,-76,0,23.055557,,,,
76,-76,0,23.055557,,,,
76,-76,0,23.055557,,,,
76,-76,0,23.055557,,,,
76,-76,0,23.055557,,,,
76,-76,0,23.055557,,,,
76,-76,0,23.166669,,,,
76,-76,0,23.166669,,,,
76,-76,0,23.166669,,,,
76,-76,0,23.166669,,,,
77,-77,0,23.166669,,,,
77,-77,0,23.166669,,,,
77,-77,0,23.166669,,,,
77,-77,0,23.166669,,,,
78,-78,0,23.166669,,,,
78,-78,0,23.27778,,,,
78,-78,0,23.27778,,,,
78,-78,0,23.27778,,,,
78,-78,0,23.27778,,,,
79,-79,0,23.27778,,,,
79,-79,0,23.27778,,,,
79,-79,0,23.333335,,,,
79,-79,0,23.333335,,,,
79,-79,0,23.333335,,,,
80,-80,0,23.333335,,,,
80,-80,0,23.333335,,,,
80,-80,0,23.333335,,,,
80,-80,0,23.333335,,,,
80,-80,0,23.333335,,,,
81,-81,0,23.333335,,,,
81,-81,0,23.333335,,,,
81,-81,0,23.444446,,,,
81,-81,0,23.444446,,,,
81,-81,0,23.444446,,,,
81,-81,0,23.444446,,,,
82,-82,0,23.444446,,,,
82,-82,0,23.444446,,,,
82,-82,0,23.444446,,,,
82,-82,0,23.444446,,,,
82,-82,0,23.555557,,,,
82,-82,0,23.555557,,,,
83,-83,0,23.555557,,,,
83,-83,0,23.555557,,,,
83,-83,0,23.555557,,,,
83,-83,0,23.555557,,,,
83,-83,0,23.555557,,,,
83,-83,0,23.555557,,,,
83,-83,0,23.555557,,,,
83,-83,0,23.666669,,,,
83,-83,0,23.666669,,,,
84,-84,0,23.666669,,,,
84,-84,0,23.666669,,,,
84,-84,0,23.666669,,,,
85,-85,0,23.666669,,,,
85,-85,0,23.722224,,,,
86,-86,0,23.722224,,,,
86,-86,0,23.722224,,,,
86,-86,0,23.833335,,,,
87,-87,0,23.833335,,,,
87,-87,0,23.833335,,,,
87,-87,0,23.833335,,,,
87,-87,0,23.833335,,,,
88,-88,0,23.833335,,,,
88,-88,0,23.833335,,,,
88,-88,0,23.944446,,,,
88,-88,0,23.944446,,,,
88,-88,0,23.944446,,,,
88,-88,0,23.944446,,,,
88,-88,0,23.944446,,,,
89,-89,0,24.055557,,,,
89,-89,0,24.055557,,,,
89,-89,0,24.055557,,,,
89,-89,0,24.111113,,,,
89,-89,0,24.222224,,,,
90,-90,0,24.222224,,,,
90,-90,0,24.222224,,,,
90,-90,0,24.222224,,,,
90,-90,0,24.333335,,,,
90,-90,0,24.333335,,,,
90,-90,0,24.333335,,,,
90,-90,0,24.333335,,,,
91,-91,0,24.444446,,,,
91,-91,0,24.444446,,,,
92,-92,0,24.500002,,,,
92,-92,0,24.500002,,,,
92,-92,0,24.500002,,,,
92,-92,0,24.500002,,,,
92,-92,0,24.500002,,,,
92,-92,0,24.500002,,,,
93,-93,0,24.611113,,,,
93,-93,0,24.611113,,,,
93,-93,0,24.611113,,,,
93,-93,0,24.611113,,,,
93,-93,0,24.722224,,,,
93,-93,0,24.722224,,,,
93,-93,0,24.722224,,,,
94,-94,0,24.833335,,,,
94,-94,0,24.888891,,,,
95,-95,0,24.888891,,,,
95,-95,0,24.888891,,,,
95,-95,0,25.111113,,,,
95,-95,0,25.111113,,,,
95,-95,0,25.222224,,,,
97,-97,0,25.222224,,,,
97,-97,0,25.388891,,,,
97,-97,0,25.500002,,,,
97,-97,0,25.611113,,,,
98,-98,0,25.611113,,,,
98,-98,0,25.611113,,,,
98,-98,0,25.722224,,,,
99,-99,0,25.722224,,,,
99,-99,0,25.833335,,,,
99,-99,0,25.833335,,,,
100,-100,0,26.000002,,,,
100,-100,0,26.222224,,,,
100,-100,0,26.222224,,,,
100,-100,0,26.222224,,,,
100,-100,0,26.444447,,,,
100,-100,0,26.611113,,,,
100,-100,0,26.833335,,,,
101,-101,0,26.944447,,,,
101,-101,0,26.944447,,,,
101,-101,0,26.944447,,,,
101,-101,0,26.944447,,,,
102,-102,0,27.166669,,,,
102,-102,0,27.27778,,,,
102,-102,0,27.27778,,,,
102,-102,0,27.555558,,,,
103,-103,0,27.666669,,,,
104,-104,0,27.666669,,,,
104,-104,0,27.77778,,,,
107,-107,0,28.222224,,,,
107,-107,0,28.333336,,,,
108,-108,0,28.444447,,,,
111,-111,0,28.555558,,,,